충전소명,휴점일,이용가능시작시각,이용가능종료시각,완속충전기대수,급속충전기대수,주차료부과여부,관리업체명,관리업체전화번호,위도,경도
정방동문화의집,연중무휴,00:00,23:59,0,1,N,제주특별자치도,1899-8852,33.2465421,126.5702672
㈜두레(퍼스트70호텔),연중무휴,00:00,23:59,1,0,N,대영채비,1522-2573,33.24725224,126.5668471
홍로공영주차장,연중무휴,00:00,23:59,0,4,N,환경부(한국자동차환경협회),1661-9408,33.2663197,126.5671727
한빛 분향소,연중무휴,00:00,23:59,1,0,N,KT,1522-0123,33.2663197,126.5671727
대한예수교장로회 서귀포교회,연중무휴,00:00,23:59,2,0,N,KT,1522-0123,33.2663197,126.5671727
성지,연중무휴,00:00,23:59,2,0,N,지엔텔,1544-4279,33.25542766,126.5750443
동홍동주민센터,연중무휴,00:00,23:59,1,0,N,제주특별자치도,1899-8852,33.2578824,126.5689267
동홍동주민센터,연중무휴,00:00,23:59,0,1,N,환경부(한국자동차환경협회),1661-9408,33.2578824,126.5689267
서귀포중앙 골프연습장,연중무휴,00:00,23:59,2,0,N,KT,1522-0123,33.27442085,126.5639609
서귀포시민회관,연중무휴,00:00,23:59,0,1,N,환경부(한국자동차환경협회),1661-9408,33.25169148,126.5667351
녹지제주헬스케어타운 유한회사,고객외 이용불가,00:00,23:59,5,0,N,KT,1522-0123,33.2612364,126.5668704
서귀포테니스장,연중무휴,00:00,23:59,0,2,N,제주특별자치도,1899-8852,33.25759736,126.5642119
코리아마트,연중무휴,00:00,23:59,2,1,N,한국전기차충전서비스,1522-1782,33.2523774,126.570198
코리아마트,연중무휴,00:00,23:59,1,0,N,제주전기자동차서비스,1670-2690,33.2523774,126.570198
퐁낭작은도서관 앞 공영주차장(비석거리),연중무휴,00:00,23:59,0,1,N,환경부(한국자동차환경협회),1661-9408,33.25544697,126.5722626
삼화석유 에이스주유소,연중무휴,00:00,23:59,0,2,N,SK에너지,,33.25509055,126.5724446
서귀포 자기주도학습지원센터,연중무휴,00:00,23:59,0,1,N,환경부(한국자동차환경협회),1661-9408,33.25129639,126.5703212
막동주차장,연중무휴,00:00,23:59,3,0,N,한국전기차충전서비스,1522-1782,33.2558886,126.5209467
송악리조트렌트,연중무휴,00:00,23:59,2,0,N,KT,1522-0123,33.21232307,126.2916634
서귀포강정LH아파트,연중무휴,00:00,23:59,2,0,N,KT,1522-0123,33.25326054,126.5022416
서귀포자연휴양림,연중무휴,00:00,23:59,4,0,N,제주특별자치도,1899-8852,33.31150025,126.4587607
뷰티플리조트,연중무휴,00:00,23:59,2,0,N,지엔텔,1544-4279,33.24314699,126.4465551
하이랜드,연중무휴,00:00,23:59,1,0,N,지엔텔,1544-4279,33.24256551,126.4455587
파밀리아 호텔,연중무휴,00:00,23:59,2,0,N,지엔텔,1544-4279,33.240958,126.4380067
에리두,연중무휴,00:00,23:59,1,0,N,지엔텔,1544-4279,33.24175167,126.4346153
대천동주민센터,연중무휴,00:00,23:59,1,0,N,제주특별자치도,1899-8852,33.2507866,126.477585
대천동주민센터,연중무휴,00:00,23:59,0,1,N,한국전력,1899-2100,33.2507866,126.477585
돈내코유원지 주차장,연중무휴,00:00,23:59,0,1,N,환경부(한국자동차환경협회),1661-9408,33.30024253,126.5847998
돈내코힐리조트,연중무휴,00:00,23:59,2,0,N,지엔텔,1544-4279,33.30276818,126.5786673
제주권역재활병원,연중무휴,00:00,23:59,0,2,N,한국전력,1899-2100,33.25288112,126.5624668
하모1리 마을회,연중무휴,00:00,23:59,1,0,N,지엔텔,1544-4279,33.21596122,126.2575365
서부보건소,연중무휴,00:00,23:59,4,1,N,제주특별자치도,1899-8852,33.21867302,126.2532449
안성리마을회,연중무휴,00:00,23:59,2,0,N,KT,1522-0123,33.2501849,126.2818826
제주추사관,연중무휴,00:00,23:59,0,1,N,제주특별자치도,1899-8852,33.2499613,126.2789466
제주추사관,연중무휴,00:00,23:59,0,2,N,환경부(한국자동차환경협회),1661-9408,33.2499613,126.2789466
제주추사관,연중무휴,00:00,23:59,3,0,N,KT,1522-0123,33.2499613,126.2789466
하모2리주차장,연중무휴,00:00,23:59,0,1,N,환경부(한국자동차환경협회),1661-9408,33.2238582,126.2504231
대정감협 인근 공영주차장,연중무휴,00:00,23:59,0,1,N,환경부(한국자동차환경협회),1661-9408,33.2230292,126.2520661
대정읍사무소,연중무휴,00:00,23:59,0,4,N,한국전력,1899-2100,33.22682775,126.2521329
인성리 사무실,연중무휴,00:00,23:59,1,0,N,KT,1522-0123,33.24780035,126.2804411
㈜상효원,연중무휴,00:00,23:59,1,1,N,한국전기차충전서비스,1522-1782,33.3072182,126.5860938
색달쓰레기매립장,연중무휴,00:00,23:59,1,0,N,제주특별자치도,1899-8852,33.30720877,126.417335
색달쓰레기매립장,연중무휴,00:00,23:59,0,2,N,환경부(한국자동차환경협회),1661-9408,33.30720877,126.417335
모던플레이스,연중무휴,00:00,23:59,1,0,N,지엔텔,1544-4279,33.2679552,126.394765
중문예촌펜션,연중무휴,00:00,23:59,1,0,N,지엔텔,1544-4279,33.2680297,126.3938756
㈜레이크힐스리조트제주,연중무휴,00:00,23:59,2,0,N,KT,1522-0123,33.2674383,126.376896
대유랜드,연중무휴,00:00,23:59,1,1,N,한국전기차충전서비스,1522-1782,33.27897873,126.3942294
뜨리바다펜션,고객외 이용불가,00:00,23:59,1,0,N,한국전기차충전서비스,1522-1782,33.27181944,126.7000486
금호리조트,연중무휴,00:00,23:59,2,0,N,제주전기자동차서비스,1670-2690,33.27365445,126.7027559
느영나영초가집,연중무휴,00:00,23:59,2,0,N,지엔텔,1544-4279,33.2751564,126.6989381
남원읍 공영주차장,연중무휴,00:00,23:59,0,1,N,환경부(한국자동차환경협회),1661-9408,33.2788184,126.7214486
호텔이디,연중무휴,00:00,23:59,2,0,N,지엔텔,1544-4279,33.27921714,126.7204703
남원읍사무소,연중무휴,00:00,23:59,2,2,N,제주특별자치도,1899-8852,33.27989564,126.7206785
남원1리마을회,연중무휴,00:00,23:59,2,0,N,지엔텔,1544-4279,33.27781885,126.7161553
남원하나로마트,연중무휴,00:00,23:59,1,1,N,한국전기차충전서비스,1522-1782,33.28429396,126.7215534
지중해리조트,연중무휴,00:00,23:59,1,0,N,지엔텔,1544-4279,33.2829039,126.7467717
한남리마을회,연중무휴,00:00,23:59,1,0,N,지엔텔,1544-4279,33.31185074,126.6951653
태흥3리마을회,연중무휴,00:00,23:59,2,0,N,지엔텔,1544-4279,33.29359307,126.7584735
백통신원 기린산장,고객외 이용불가,00:00,23:59,2,0,N,한국전기차충전서비스,1522-1782,33.32268217,126.639049
동국개발(스프링데일C.C),연중무휴,00:00,23:59,2,0,N,한국전기차충전서비스,1522-1782,33.3295216,126.6384879
수망관광휴양펜션,연중무휴,00:00,23:59,2,0,N,KT,1522-0123,33.33650161,126.6983019
남원의례회관 주차장,연중무휴,00:00,23:59,0,2,N,한국전력,1899-2100,33.2948173,126.7114506
(재)테크노파크 생물종다양성연구소,연중무휴,00:00,23:59,0,1,N,환경부(한국자동차환경협회),1661-9408,33.31464154,126.634748
(재)테크노파크 생물종다양성연구소,연중무휴,00:00,23:59,0,4,N,제주테크노파크,,33.31464154,126.634748
제주공천포전지훈련센터,연중무휴,00:00,23:59,0,2,N,제주특별자치도,1899-8852,33.27680559,126.6409081
신례1리마을회,연중무휴,00:00,23:59,2,0,N,KT,1522-0123,33.28812221,126.6272191
신례1리마을회,연중무휴,00:00,23:59,2,0,N,지엔텔,1544-4279,33.28812221,126.6272191
신흥1리 새마을회,연중무휴,00:00,23:59,2,0,N,KT,1522-0123,33.304171,126.7669485
더빌라스오션,연중무휴,00:00,23:59,1,0,N,파워큐브코리아,1833-8017,33.30098062,126.770629
해비치호텔앤드리조트,연중무휴,00:00,23:59,3,0,N,지엔텔,1544-4279,33.36231061,126.7218983
위미1리마을회,연중무휴,00:00,23:59,1,0,N,지엔텔,1544-4279,33.2737995,126.6571928
흥진자동차공업사,연중무휴,00:00,23:59,1,0,N,제주전기자동차서비스,1670-2690,33.27494819,126.6575103
은빌레펜션,고객외 이용불가,00:00,23:59,1,0,N,한국전기차충전서비스,1522-1782,33.3117075,126.716797
펜션정원,연중무휴,00:00,23:59,2,0,N,지엔텔,1544-4279,33.30642033,126.7751676
해든빌레펜션,연중무휴,00:00,23:59,2,0,N,지엔텔,1544-4279,33.29197517,126.6616823
신흥2리마을회,연중무휴,00:00,23:59,2,0,N,지엔텔,1544-4279,33.3211735,126.7456046
위미의례회관,연중무휴,00:00,23:59,0,1,N,환경부(한국자동차환경협회),1661-9408,33.28980033,126.6576884
금앤옥통나무펜션,연중무휴,00:00,23:59,2,0,N,지엔텔,1544-4279,33.2830034,126.6293628
서귀포농업기술센터,연중무휴,00:00,23:59,3,0,N,제주특별자치도,1899-8852,33.28833481,126.6072502
서귀포농업기술센터,연중무휴,00:00,23:59,0,3,N,환경부(한국자동차환경협회),1661-9408,33.28833481,126.6072502
태흥2리마을회,연중무휴,00:00,23:59,2,0,N,지엔텔,1544-4279,33.2877337,126.7451648
꿈꾸는 노마드,연중무휴,00:00,23:59,1,0,N,KT,1522-0123,33.24169811,126.4995561
영어교육도신 한신더휴아파트,입주민외 이용불가,00:00,23:59,2,0,N,지엔텔,1544-4279,33.28691522,126.2803435
삼정지에듀아파트,입주민외 이용불가,00:00,23:59,2,0,N,지엔텔,1544-4279,33.28408845,126.2742565
제주 곶자왈 도립공원입구,연중무휴,00:00,23:59,0,1,N,환경부(한국자동차환경협회),1661-9408,33.28322252,126.2735723
영어교육도시119센터,연중무휴,00:00,23:59,0,2,N,한국전력,1899-2100,33.27896208,126.2733586
대정 영어교육도시,연중무휴,00:00,23:59,1,0,N,제주특별자치도,1899-8852,33.28794082,126.2818294
대정 영어교육도시,연중무휴,00:00,23:59,0,2,N,환경부(한국자동차환경협회),1661-9408,33.28794082,126.2818294
가온누리,고객외 이용불가,00:00,23:59,1,0,N,파워큐브코리아,1833-8017,33.22781273,126.2534033
대정119센터,연중무휴,00:00,23:59,1,0,N,제주특별자치도,1899-8852,33.23251532,126.240854
희준카센타,연중무휴,00:00,23:59,0,1,N,한국전기차충전서비스,1522-1782,33.24693381,126.2221662
무릉2리마을회,연중무휴,00:00,23:59,2,0,N,KT,1522-0123,33.27484586,126.235267
빅토르투자개발,고객외 이용불가,00:00,23:59,4,0,N,KT,1522-0123,33.2793461,126.5814377
비전지역아동센터,연중무휴,00:00,23:59,2,0,N,KT,1522-0123,33.26234316,126.5008946
뉴월드 골프타운,연중무휴,00:00,23:59,2,0,N,KT,1522-0123,33.26251197,126.5069543
명성레져개발,고객외 이용불가,00:00,23:59,2,0,N,한국전기차충전서비스,1522-1782,33.25778008,126.4943432
에띠에호스텔,연중무휴,00:00,23:59,2,0,N,지엔텔,1544-4279,33.2352943,126.4941424
올레요리조트,연중무휴,00:00,23:59,2,0,N,파워큐브코리아,1833-8017,33.2347494,126.4926906
강정보건지소,연중무휴,00:00,23:59,0,1,N,제주특별자치도,1899-8852,33.23759944,126.4772283
호텔 빠레브 주식회사,연중무휴,00:00,23:59,3,0,N,KT,1522-0123,33.2523353,126.5066913
에코럭스,연중무휴,00:00,23:59,2,0,N,지엔텔,1544-4279,33.25248102,126.5075472
새서귀포교회,연중무휴,00:00,23:59,1,0,N,파워큐브코리아,1833-8017,33.25316728,126.5068952
풍경호스텔,연중무휴,00:00,23:59,2,0,N,KT,1522-0123,33.24237001,126.5528623
주식회사 선샤인,고객외 이용불가,00:00,23:59,2,0,N,KT,1522-0123,33.2434345,126.553327
풍경호텔,연중무휴,00:00,23:59,2,0,N,KT,1522-0123,33.24484246,126.553412
천지연폭포 주차장,연중무휴,00:00,23:59,1,0,N,제주특별자치도,1899-8852,33.2447447,126.5596704
천지연폭포 주차장,연중무휴,00:00,23:59,0,3,N,환경부(한국자동차환경협회),1661-9408,33.2447447,126.5596704
삼매봉도서관,연중무휴,00:00,23:59,1,0,N,제주특별자치도,1899-8852,33.2443256,126.552097
삼매봉도서관,연중무휴,00:00,23:59,0,1,N,환경부(한국자동차환경협회),1661-9408,33.2443256,126.552097
대발이파크,연중무휴,00:00,23:59,0,1,N,제주전기자동차서비스,1670-2690,33.27434685,126.7042434
소랑호젠펜션,연중무휴,00:00,23:59,2,0,N,파워큐브코리아,1833-8017,33.27580986,126.7052388
동부보건소,연중무휴,00:00,23:59,6,0,N,제주특별자치도,1899-8852,33.27562882,126.7034172
동부보건소,연중무휴,00:00,23:59,0,1,N,환경부(한국자동차환경협회),1661-9408,33.27562882,126.7034172
강정포구횟집,연중무휴,00:00,23:59,2,0,N,지엔텔,1544-4279,33.2288117,126.4758302
더베이리조트,연중무휴,00:00,23:59,2,0,N,대영채비,1522-2573,33.24120025,126.5934867
(주)이레,연중무휴,00:00,23:59,2,0,N,지엔텔,1544-4279,33.40269826,126.7786436
한국전력 제주본주 서귀포지사,연중무휴,00:00,23:59,0,3,N,한국전력,1899-2100,33.2541046,126.5107961
월드컵경기장 인근 공영주차장,연중무휴,00:00,23:59,0,2,N,환경부(한국자동차환경협회),1661-9408,33.2481172,126.5110332
삼화석유 법환주유소,연중무휴,00:00,23:59,0,2,N,SK에너지,,33.24790307,126.5127149
귤낭하우스,연중무휴,00:00,23:59,2,0,N,지엔텔,1544-4279,33.243023,126.5218882
오랑제리펜션,연중무휴,00:00,23:59,2,0,N,지엔텔,1544-4279,33.24471457,126.5144709
장안그랜드빌리지자치회,입주민외 이용불가,00:00,23:59,1,0,N,지엔텔,1544-4279,33.24160151,126.5970986
밀레니엄빌,연중무휴,00:00,23:59,1,0,N,지엔텔,1544-4279,33.2452066,126.5900386
보목하수처리장,연중무휴,00:00,23:59,0,1,N,환경부(한국자동차환경협회),1661-9408,33.243313,126.5914917
자치경찰단서귀포지역대청사,연중무휴,00:00,23:59,2,0,N,제주특별자치도,1899-8852,33.24495461,126.5657339
자치경찰단서귀포지역대청사,연중무휴,00:00,23:59,0,1,N,환경부(한국자동차환경협회),1661-9408,33.24495461,126.5657339
해담은,연중무휴,00:00,23:59,1,0,N,지엔텔,1544-4279,33.2394792,126.3032638
제주아이브,연중무휴,00:00,23:59,2,0,N,지엔텔,1544-4279,33.28877784,126.4960969
치유의숲,연중무휴,00:00,23:59,2,0,N,제주특별자치도,1899-8852,33.29193935,126.5279042
누가빌리지 주식회사,고객외 이용불가,00:00,23:59,2,0,N,KT,1522-0123,33.29628579,126.5729395
허브인휴양펜션,연중무휴,00:00,23:59,1,0,N,파워큐브코리아,1833-8017,33.4356419,126.2902458
오로라정원,연중무휴,00:00,23:59,0,3,N,상명엔지니어링,1670-2690,33.35941042,126.2485555
한림금능농공단지 내 제주맥주,연중무휴,00:00,23:59,0,1,N,제주특별자치도,1899-8852,33.35850024,126.2412145
한국중부발전 상명풍력발전소,연중무휴,00:00,23:59,0,2,N,환경부(한국자동차환경협회),1661-9408,33.339953,126.2919639
명월국민학교,연중무휴,00:00,23:59,2,0,N,제주전기자동차서비스,1670-2690,33.38890351,126.2648488
수원리새마을회,연중무휴,00:00,23:59,1,0,N,파워큐브코리아,1833-8017,33.42747125,126.2705839
제주프랜,연중무휴,00:00,23:59,1,0,N,제주전기자동차서비스,1670-2690,33.40194338,126.267164
아일랜드힐,연중무휴,00:00,23:59,1,,N,제주전기자동차서비스,1670-2690,33.34711291,126.2796338
제주담스파빌,연중무휴,00:00,23:59,1,0,N,파워큐브코리아,1833-8017,33.38567338,126.2253178
앤트러사이트(동아물산),연중무휴,00:00,23:59,0,2,N,보타리에너지,1670-2690,33.40789487,126.2582303
돈내코순두부한림점,연중무휴,00:00,23:59,0,2,N,보타리에너지,1670-2690,33.40970367,126.2824888
성아자동차공업사,연중무휴,00:00,23:59,2,0,N,파워큐브코리아,1833-8017,33.42206493,126.2754372
금악주유소,연중무휴,00:00,23:59,0,1,N,보타리에너지,1670-2690,33.35329748,126.2984609
화북동 공영주차장(화북일동 11-7),연중무휴,00:00,23:59,0,2,N,제주특별자치도,1899-8852,33.5198132,126.5712817
동화초등학교 맞은편 공영주차장,연중무휴,00:00,23:59,0,1,N,제주특별자치도,1899-8852,33.5179212,126.5745354
중문동주민센터,연중무휴,00:00,23:59,1,1,N,제주특별자치도,1899-8852,33.25333129,126.4336393
중문제일행복한 홈스쿨지역아동센터,연중무휴,00:00,23:59,2,0,N,KT,1522-0123,33.254145,126.4332519
중문아리랑,연중무휴,00:00,23:59,2,0,N,파워큐브코리아,1833-8017,33.25394619,126.4340345
중문메리디안,고객외 이용불가,00:00,23:59,1,0,N,한국전기차충전서비스,1522-1782,33.25397374,126.435335
WE호텔(한라의료재단),연중무휴,00:00,23:59,2,0,N,한국전기차충전서비스,1522-1782,33.28616473,126.4440336
모이라펜션,연중무휴,00:00,23:59,2,0,N,지엔텔,1544-4279,33.27908388,126.5871454
귀덕편의점,연중무휴,00:00,23:59,2,0,N,파워큐브코리아,1833-8017,33.4378241,126.2802959
함덕드라마빌리지,연중무휴,00:00,23:59,1,0,N,제주전기자동차서비스,1670-2690,33.53796949,126.6692842
금단영,연중무휴,00:00,23:59,1,0,N,파워큐브코리아,1833-8017,33.36192203,126.1936223
저지리사무소,연중무휴,00:00,23:59,0,2,N,한국전력,1899-2100,33.33269856,126.255848
상명EV충전소,연중무휴,00:00,23:59,0,3,N,상명엔지니어링,1670-2690,33.3376421,126.2313954
저지신토불이식당,연중무휴,00:00,23:59,2,0,N,제주전기자동차서비스,1670-2690,33.34247458,126.2556961
아파트먼트커피,연중무휴,00:00,23:59,2,0,N,파워큐브코리아,1833-8017,33.31137783,126.2445437
엠닷에이,연중무휴,00:00,23:59,2,0,N,파워큐브코리아,1833-8017,33.36494435,126.1992246
그리스박물관,연중무휴,00:00,23:59,0,1,N,보타리에너지,1670-2690,33.34808488,126.3575227
제주레포츠랜드,연중무휴,00:00,23:59,2,0,N,파워큐브코리아,1833-8017,33.48232418,126.6387282
제이디피모터스함덕점,연중무휴,00:00,23:59,1,0,N,제주전기자동차서비스,1670-2690,33.53651541,126.6570896
조천도서관,연중무휴,00:00,23:59,0,1,N,제주특별자치도,1899-8852,33.53770537,126.6676186
조천도서관,연중무휴,00:00,23:59,0,2,N,환경부(한국자동차환경협회),1661-9408,33.53770537,126.6676186
청우가든,연중무휴,00:00,23:59,2,0,N,파워큐브코리아,1833-8017,33.53074511,126.6259057
빅타이어조천점,연중무휴,00:00,23:59,1,0,N,파워큐브코리아,1833-8017,33.53528271,126.6432839
조천라오체,연중무휴,00:00,23:59,1,0,N,제주전기자동차서비스,1670-2690,33.52968177,126.6369941
푸른열매작은도서관,연중무휴,00:00,23:59,2,,N,제주전기자동차서비스,1670-2690,33.5345568,126.6318406
사랑샘교회,연중무휴,00:00,23:59,1,0,N,파워큐브코리아,1833-8017,33.52773841,126.6310514
함덕순복음교회,연중무휴,00:00,23:59,1,0,N,파워큐브코리아,1833-8017,33.54087204,126.6584419
함덕카페H,연중무휴,00:00,23:59,2,0,N,제주전기자동차서비스,1670-2690,33.52626322,126.6599676
함덕광명샤인빌,연중무휴,00:00,23:59,0,1,N,제주특별자치도,1899-8852,33.53801877,126.6770228
귤빛체험농원,연중무휴,00:00,23:59,2,0,N,파워큐브코리아,1833-8017,33.50392641,126.6738046
달스테이,연중무휴,00:00,23:59,0,1,N,보타리에너지,1670-2690,33.45689467,126.4078127
한솜카페,연중무휴,00:00,23:59,0,1,N,보타리에너지,1670-2690,33.47568654,126.4773866
뜨레모아3차,연중무휴,00:00,23:59,1,0,N,제주전기자동차서비스,1670-2690,33.47475841,126.4787908
민형파인즈,연중무휴,00:00,23:59,3,0,N,대영채비,1522-2573,33.47430614,126.4810183
농업회사법인제우스,연중무휴,00:00,23:59,1,,N,제주전기자동차서비스,1670-2690,33.45701393,126.5717487
엠제이벤처오름,연중무휴,00:00,23:59,3,0,N,테슬라,,33.4545623,126.5719587
제주산학융합원,연중무휴,00:00,23:59,0,3,N,한국전력,1899-2100,33.447486,126.567553
외도119센터,연중무휴,00:00,23:59,0,2,N,환경부(한국자동차환경협회),1661-9408,33.48663399,126.4375053
하귀문화의 집,연중무휴,00:00,23:59,0,1,N,제주특별자치도,1899-8852,33.48003276,126.4039843
에피소드,연중무휴,00:00,23:59,2,0,N,파워큐브코리아,1833-8017,33.30577808,126.1880922
청수마을회관,연중무휴,00:00,23:59,0,2,N,환경부(한국자동차환경협회),1661-9408,33.31808934,126.2475142
한원리노인복지관(한원리사무소),연중무휴,00:00,23:59,0,1,N,제주특별자치도,1899-8852,33.33851758,126.1959777
몽땅,연중무휴,00:00,23:59,1,0,N,파워큐브코리아,1833-8017,33.30584382,126.2580132
성김대건신부제주표착기념관,연중무휴,00:00,23:59,2,0,N,KT,1522-0123,33.32286381,126.1677309
무릉1리마을회,연중무휴,00:00,23:59,1,0,N,파워큐브코리아,1833-8017,33.2701387,126.2029889
영락리마을회,연중무휴,00:00,23:59,1,0,N,파워큐브코리아,1833-8017,33.25855534,126.2109754
부웅크리스탈빌3차,연중무휴,00:00,23:59,2,0,N,파워큐브코리아,1833-8017,33.48368641,126.530796
한국중부발전 제주화력본부사택,연중무휴,00:00,23:59,0,2,N,환경부(한국자동차환경협회),1661-9408,33.52714324,126.5919256
그루터기,연중무휴,00:00,23:59,0,1,N,제주특별자치도,1899-8852,33.53301956,126.6001401
투썸플레이스 제주노형DT점,연중무휴,00:00,23:59,0,1,N,제주전기자동차서비스,1670-2690,33.49130981,126.4740905
중앙로상점가(국민은행서측),연중무휴,00:00,23:59,0,2,N,환경부(한국자동차환경협회),1661-9408,33.5106719,126.5212534
모로왓제2공영주차장,연중무휴,00:00,23:59,3,7,Y,제주특별자치도,1899-8852,33.51129125,126.543795
기아오토큐 화북대리점,연중무휴,00:00,23:59,0,1,N,한국전기차충전서비스,1522-1782,33.51185501,126.5490401
CU제주대박점,연중무휴,00:00,23:59,0,1,N,에스트래픽,080-805-0010,33.48340343,126.4029714
대박이네마트,연중무휴,00:00,23:59,2,,N,에스트래픽,080-805-0010,33.48340343,126.4029714
제주교도소 민원인 주차장,연중무휴,00:00,23:59,0,1,N,제주특별자치도,1899-8852,33.46278791,126.514997
CU조천사거리점,연중무휴,00:00,23:59,0,1,N,에스트래픽,080-805-0010,33.53766806,126.6400787
조천리 새마을회,연중무휴,00:00,23:59,2,,N,에스트래픽,080-805-0010,33.53698658,126.63888
램하우스,연중무휴,00:00,23:59,2,0,N,파워큐브코리아,1833-8017,33.43692114,126.6731393
자연과사람들,연중무휴,00:00,23:59,0,1,N,보타리에너지,1670-2690,33.46047477,126.6610809
와흘을그리다,연중무휴,00:00,23:59,0,1,N,보타리에너지,1670-2690,33.46269452,126.6604226
서프라이즈테마파크(농업회사법인 우주),연중무휴,00:00,23:59,0,1,N,제주전기자동차서비스,1670-2690,33.46518789,126.6595953
에코촌 유스호스텔,연중무휴,00:00,23:59,0,1,N,제주특별자치도,1899-8852,33.51690884,126.703722
제주미니랜드,연중무휴,00:00,23:59,1,0,N,한국전기차충전서비스,1522-1782,33.43425343,126.6749129
다희연(농업회사법인경덕),연중무휴,00:00,23:59,0,1,N,보타리에너지,1670-2690,33.48690575,126.7061311
거문오름꿈의숲,연중무휴,00:00,23:59,2,0,N,파워큐브코리아,1833-8017,33.48630118,126.7021477
포레스트사파리,연중무휴,00:00,23:59,0,2,N,보타리에너지,1670-2690,33.46306444,126.7094861
선래왓절,연중무휴,00:00,23:59,0,1,N,보타리에너지,1670-2690,33.4581901,126.7086074
조천코아루,연중무휴,00:00,23:59,2,,N,제주전기자동차서비스,1670-2690,33.51720331,126.6223818
눈뫼가름협동조합,연중무휴,00:00,23:59,2,0,N,파워큐브코리아,1833-8017,33.48497761,126.6776373
농업회사법인주식회사블랙푸드,연중무휴,00:00,23:59,1,0,N,파워큐브코리아,1833-8017,33.48496065,126.6995958
아라행복주택,연중무휴,00:00,23:59,1,0,N,한국전기차충전서비스,1522-1782,33.49020641,126.5452184
태평양금호,연중무휴,00:00,23:59,1,0,N,파워큐브코리아,1833-8017,33.49211313,126.5478856
워시존연북로점,연중무휴,00:00,23:59,0,1,N,제주전기자동차서비스,1670-2690,33.49539912,126.5530166
다몰2차연립주택,연중무휴,00:00,23:59,2,0,N,제주전기자동차서비스,1670-2690,33.48416922,126.5120029
에코그린빌9차,연중무휴,00:00,23:59,2,0,N,제주전기자동차서비스,1670-2690,33.49420331,126.5059249
그린스페이스휴,연중무휴,00:00,23:59,3,0,N,파워큐브코리아,1833-8017,33.50469026,126.5533261
연동대림2차아파트,연중무휴,00:00,23:59,0,1,N,제주특별자치도,1899-8852,33.47975083,126.4877296
영평하동 마을회관,연중무휴,00:00,23:59,0,1,N,제주특별자치도,1899-8852,33.48630885,126.5738943
노형리츠하임 테라스파크,연중무휴,00:00,23:59,4,0,N,대영채비,1522-2573,33.4876236,126.4588939
대한적십자 제주혈액원,연중무휴,00:00,23:59,0,1,N,제주특별자치도,1899-8852,33.4911869,126.5202318
노형4차아뜨리에,연중무휴,00:00,23:59,2,0,N,제주전기자동차서비스,1670-2690,33.48557954,126.4623799
제주장애인스포츠센터,연중무휴,00:00,23:59,0,2,N,제주특별자치도,1899-8852,33.4866855,126.4347951
외도부영1차아파트,연중무휴,00:00,23:59,0,1,N,제주전기자동차서비스,1670-2690,33.48761522,126.4336125
제주시외도일동공영주차장,연중무휴,00:00,23:59,0,2,N,환경부(한국자동차환경협회),1661-9408,33.4857164,126.4265257
용담평화베스트빌1차,연중무휴,00:00,23:59,1,0,N,파워큐브코리아,1833-8017,33.50831349,126.515587
우도면 조일리사무소,연중무휴,00:00,23:59,0,1,N,제주특별자치도,1899-8852,33.50981036,126.9628939
대원상록수10차아파트,입주민외 이용불가,00:00,23:59,1,,N,에스트래픽,080-805-0010,33.48903328,126.4314168
성일교회,연중무휴,00:00,23:59,1,0,N,파워큐브코리아,1833-8017,33.48456385,126.4272498
노형휴스토리,연중무휴,00:00,23:59,1,0,N,한국전기차충전서비스,1522-1782,33.47848405,126.4619718
비어라운드,연중무휴,00:00,23:59,2,0,N,파워큐브코리아,1833-8017,33.51166074,126.8903284
비젠빌리지,연중무휴,00:00,23:59,2,0,N,테슬라,,33.51166074,126.8903284
종가전복,연중무휴,00:00,23:59,1,0,N,한국전기차충전서비스,1522-1782,33.53133106,126.8500018
엠제이리조트,연중무휴,00:00,23:59,2,0,N,대영채비,1522-2573,33.52920362,126.8800922
이야기별방,연중무휴,00:00,23:59,1,0,N,파워큐브코리아,1833-8017,33.50981991,126.9013347
구좌농공단지(제주이야기),연중무휴,00:00,23:59,0,1,N,제주특별자치도,1899-8852,33.55303299,126.8168542
금악리새마을회,연중무휴,00:00,23:59,0,1,N,제주특별자치도,1899-8852,33.35872051,126.296376
한국교통방송제주본부,연중무휴,00:00,23:59,0,2,N,제주특별자치도,1899-8852,33.47838415,126.5500097
제주갤럭시호텔,연중무휴,00:00,23:59,0,1,N,보타리에너지,1670-2690,33.50315896,126.5125636
신라스테이제주,연중무휴,00:00,23:59,5,0,N,테슬라,,33.4854983,126.4909667
메종글래드제주,연중무휴,00:00,23:59,2,0,N,제주전기자동차서비스,1670-2690,33.48506193,126.4883396
삼화석유 만남의광장주유소,연중무휴,00:00,23:59,0,4,N,SK에너지,,33.46752172,126.4572461
도로교통공단제주지부,연중무휴,00:00,23:59,0,2,N,한국전력,1899-2100,33.47517101,126.4647508
무수천주유소,연중무휴,00:00,23:59,0,3,N,GS칼텍스,,33.46324992,126.4519071
내도매일조아라아파트,연중무휴,00:00,23:59,1,0,N,한국전기차충전서비스,1522-1782,33.48545869,126.4455913
시민복지타운 공영무료주차장,연중무휴,00:00,23:59,0,2,N,제주특별자치도,1899-8852,33.4888744,126.5238013
제주전기렌트카 공항 인근주차장,연중무휴,00:00,23:59,0,2,N,제주전기자동차서비스,1670-2690,33.5019037,126.4784159
한라병원,연중무휴,00:00,23:59,0,1,N,제주특별자치도,1899-8852,33.49026618,126.4849217
롯데시티호텔,연중무휴,00:00,23:59,2,0,N,테슬라,,33.49067307,126.4865075
이호리조트,연중무휴,00:00,23:59,2,0,N,파워큐브코리아,1833-8017,33.49935645,126.4633537
다온빌,연중무휴,00:00,23:59,1,0,N,파워큐브코리아,1833-8017,33.4782612,126.4498201
제이디피모터스봉개점,연중무휴,00:00,23:59,1,,N,제주전기자동차서비스,1670-2690,33.48492039,126.604351
골체오름쉼터,연중무휴,00:00,23:59,0,2,N,보타리에너지,1670-2690,33.45463511,126.7059518
유드림마트,연중무휴,00:00,23:59,0,1,N,상명엔지니어링,1670-2690,33.49196726,126.5131902
소방교육대,연중무휴,00:00,23:59,1,0,N,제주특별자치도,1899-8852,33.44705344,126.5584959
삼성혈,연중무휴,00:00,23:59,0,2,N,한국전력,1899-2100,33.50425459,126.5291654
삼화석유 늘푸른자동차충전소,연중무휴,00:00,23:59,0,2,N,SK에너지,,33.50062225,126.5112821
세기자동차공업사,연중무휴,00:00,23:59,2,0,N,대영채비,1522-2573,33.50046379,126.5040771
표선 공영주차장(표선면사무소 옆),연중무휴,00:00,23:59,0,1,N,제주특별자치도,1899-8852,33.32648969,126.8315711
표선 공영주차장(표선면사무소 옆),연중무휴,00:00,23:59,0,1,N,환경부(한국자동차환경협회),1661-9408,33.32648969,126.8315711
세계술박물관,연중무휴,00:00,23:59,2,0,N,파워큐브코리아,1833-8017,33.35396955,126.8175945
하원마을회,연중무휴,00:00,23:59,2,0,N,파워큐브코리아,1833-8017,33.25672816,126.461133
꿈의교회,연중무휴,00:00,23:59,1,0,N,파워큐브코리아,1833-8017,33.26286451,126.6069048
뜨레모아5차아파트,연중무휴,00:00,23:59,2,0,N,파워큐브코리아,1833-8017,33.47490379,126.4816388
국제대학교,연중무휴,00:00,23:59,0,4,N,환경부(한국자동차환경협회),1661-9408,33.4427728,126.5698313
이도 주원라비앙,연중무휴,00:00,23:59,1,,N,에스트래픽,080-805-0010,33.49908104,126.536283
목마,연중무휴,00:00,23:59,1,0,N,파워큐브코리아,1833-8017,33.52308351,126.5595869
노형부영3차아파트,연중무휴,00:00,23:59,1,0,N,한국전기차충전서비스,1522-1782,33.47728075,126.4860572
뜨레모아7차,연중무휴,00:00,23:59,2,0,N,대영채비,1522-2573,33.47936175,126.4689769
이도교회,연중무휴,00:00,23:59,1,0,N,파워큐브코리아,1833-8017,33.4905903,126.5349639
김녕119지역센터,연중무휴,00:00,23:59,0,2,N,환경부(한국자동차환경협회),1661-9408,33.55417798,126.7626784
지엔에프주식회사,연중무휴,00:00,23:59,1,0,N,대영채비,1522-2573,33.55643116,126.7548629
제주어른이집,연중무휴,00:00,23:59,0,1,N,상명엔지니어링,1670-2690,33.552491,126.744095
김녕성당,연중무휴,00:00,23:59,2,0,N,파워큐브코리아,1833-8017,33.55382591,126.7487452
제주담,연중무휴,00:00,23:59,0,1,N,보타리에너지,1670-2690,33.45124681,126.7679756
놀놀,연중무휴,00:00,23:59,1,0,N,파워큐브코리아,1833-8017,33.49457256,126.8068664
구좌119센터,연중무휴,00:00,23:59,0,1,N,한국전력,1899-2100,33.52030729,126.8600917
샤이니,연중무휴,00:00,23:59,2,0,N,파워큐브코리아,1833-8017,33.47068245,126.7842803
뉴스보이버거펍제주,연중무휴,00:00,23:59,1,0,N,파워큐브코리아,1833-8017,33.55436907,126.7906412
제주스테이상상,연중무휴,00:00,23:59,2,0,N,파워큐브코리아,1833-8017,33.55493996,126.7956062
밭담공원,연중무휴,00:00,23:59,5,3,N,제주전기자동차서비스,1670-2690,33.5634668,126.7780584
CU김녕교차로점,연중무휴,00:00,23:59,0,1,N,보타리에너지,1670-2690,33.55120476,126.7437953
용암해수산업화지원센터2호관,연중무휴,00:00,23:59,0,2,N,환경부(한국자동차환경협회),1661-9408,33.54135778,126.8159486
삼화석유 한동주유소,연중무휴,00:00,23:59,0,2,N,SK에너지,,33.54092659,126.8219573
동녘도서관,연중무휴,00:00,23:59,0,2,N,환경부(한국자동차환경협회),1661-9408,33.52044879,126.8545673
대한예수교장로회송당교회,연중무휴,00:00,23:59,2,,N,제주전기자동차서비스,1670-2690,33.47158825,126.7805041
남원자동차공업사,연중무휴,00:00,23:59,2,0,N,파워큐브코리아,1833-8017,33.28400278,126.7235939
감귤연구소,연중무휴,00:00,23:59,2,0,N,제주전기자동차서비스,1670-2690,33.30155256,126.6118165
하례2리마을회,연중무휴,00:00,23:59,2,0,N,파워큐브코리아,1833-8017,33.29720467,126.6088596
펜션연리,연중무휴,00:00,23:59,2,0,N,파워큐브코리아,1833-8017,33.24048959,126.3859715
풀빌라더시크릿 대정점,연중무휴,00:00,23:59,0,5,N,상명엔지니어링,1670-2690,33.24628335,126.2071113
신도보건진료소(서부보건소),연중무휴,00:00,23:59,0,1,N,제주특별자치도,1899-8852,33.27748499,126.1742628
신도2리마을회,연중무휴,00:00,23:59,1,0,N,파워큐브코리아,1833-8017,33.27762235,126.1748541
두바퀴펜션,연중무휴,00:00,23:59,2,0,N,파워큐브코리아,1833-8017,33.27898341,126.1794311
동일1리 마을회,연중무휴,00:00,23:59,1,0,N,파워큐브코리아,1833-8017,33.22816111,126.2412435
무릉1리마을회(다목적),연중무휴,00:00,23:59,1,1,N,파워큐브코리아,1833-8017,33.27099795,126.200886
제주아로마모텔,연중무휴,00:00,23:59,2,0,N,파워큐브코리아,1833-8017,33.22541594,126.2663868
실버스타,연중무휴,00:00,23:59,1,0,N,파워큐브코리아,1833-8017,33.22282074,126.2569084
크리스마스,연중무휴,00:00,23:59,2,0,N,지엔텔,1544-4279,33.50907558,126.8995876
서귀포농협하나로마트,연중무휴,00:00,23:59,0,1,N,제주전기자동차서비스,1670-2690,33.25735353,126.5814224
시온교회,연중무휴,00:00,23:59,2,0,N,파워큐브코리아,1833-8017,33.29136049,126.5937309
선돌선덕사,연중무휴,00:00,23:59,2,0,N,파워큐브코리아,1833-8017,33.32016515,126.5936059
삼성여자고등학교,연중무휴,00:00,23:59,1,0,N,한국전기차충전서비스,1522-1782,33.25504717,126.584112
제주봄카페앤스테이,연중무휴,00:00,23:59,2,0,N,테슬라,,33.25026802,126.5872079
제이디피모터스남원점,연중무휴,00:00,23:59,1,,N,제주전기자동차서비스,1670-2690,33.28028252,126.7131931
남원119센터,연중무휴,00:00,23:59,0,1,N,환경부(한국자동차환경협회),1661-9408,33.28149406,126.7084316
제주티에스유스호스텔,연중무휴,00:00,23:59,2,0,N,파워큐브코리아,1833-8017,33.34389903,126.6970302
머체왓숲길영농조합,연중무휴,00:00,23:59,0,1,N,제주특별자치도,1899-8852,33.33052168,126.6738981
물영아리주차장,연중무휴,00:00,23:59,0,2,N,한국전력,1899-2100,33.3692339,126.6913667
휴애리,연중무휴,00:00,23:59,0,2,N,제주전기자동차서비스,1670-2690,33.30853467,126.6343826
예촌연수네가든,연중무휴,00:00,23:59,2,0,N,파워큐브코리아,1833-8017,33.29099936,126.6342195
위미2리 다목적회관,연중무휴,00:00,23:59,0,1,N,제주특별자치도,1899-8852,33.28311695,126.6614546
의귀교회 인근 공영주차장,연중무휴,00:00,23:59,0,2,N,제주특별자치도,1899-8852,33.311718,126.711247
제이디피모터스의귀점,연중무휴,00:00,23:59,1,0,N,제주전기자동차서비스,1670-2690,33.3248656,126.7052113
별빛하늘,연중무휴,00:00,23:59,2,0,N,파워큐브코리아,1833-8017,33.32267144,126.7015972
수망리다목적회관,연중무휴,00:00,23:59,0,1,N,제주특별자치도,1899-8852,33.32870746,126.7133138
위미2리사무소,연중무휴,00:00,23:59,0,1,N,제주특별자치도,1899-8852,33.2753894,126.6686031
위미3리사무소,연중무휴,00:00,23:59,0,1,N,제주특별자치도,1899-8852,33.2755295,126.687898
제주목화,연중무휴,00:00,23:59,2,0,N,파워큐브코리아,1833-8017,33.27578509,126.6994125
더풍성한교회,연중무휴,00:00,23:59,2,0,N,파워큐브코리아,1833-8017,33.26461032,126.5688951
삼화석유 서귀주유소,연중무휴,00:00,23:59,0,2,N,SK에너지,,33.24834563,126.5690994
허니문하우스,연중무휴,00:00,23:59,0,1,N,제주전기자동차서비스,1670-2690,33.24416306,126.5788672
서귀포KAL호텔,연중무휴,00:00,23:59,0,1,N,제주전기자동차서비스,1670-2690,33.24432465,126.5807935
제주브릭스,연중무휴,00:00,23:59,2,0,N,파워큐브코리아,1833-8017,33.2446192,126.5357771
서귀포흑돼지명가,연중무휴,00:00,23:59,2,0,N,파워큐브코리아,1833-8017,33.2440732,126.5363637
흑돈향,연중무휴,00:00,23:59,2,0,N,파워큐브코리아,1833-8017,33.24472089,126.5292484
서귀포시 일터나눔 자활센터,연중무휴,00:00,23:59,0,1,N,제주특별자치도,1899-8852,33.24177151,126.5294487
제이이피,연중무휴,00:00,23:59,0,1,N,보타리에너지,1670-2690,33.24279318,126.5354777
서귀포시 교통행정과(공영버스 차고지),연중무휴,00:00,23:59,0,1,N,환경부(한국자동차환경협회),1661-9408,33.284661,126.5886735
선지왓숯불갈비,연중무휴,00:00,23:59,2,0,N,파워큐브코리아,1833-8017,33.26270495,126.5920777
가나안교회,연중무휴,00:00,23:59,1,0,N,파워큐브코리아,1833-8017,33.41538276,126.7710125
블랙랜드레이스,연중무휴,00:00,23:59,2,0,N,파워큐브코리아,1833-8017,33.30625516,126.7943242
옛정의골식당,연중무휴,00:00,23:59,2,0,N,파워큐브코리아,1833-8017,33.3890374,126.804684
성읍녹차마을 영농조합법인,연중무휴,00:00,23:59,0,2,N,제주전기자동차서비스,1670-2690,33.3810755,126.7899612
가시리은하수가든,연중무휴,00:00,23:59,2,0,N,파워큐브코리아,1833-8017,33.36060083,126.7673354
가시리교회,연중무휴,00:00,23:59,1,0,N,파워큐브코리아,1833-8017,33.35117806,126.7717523
표선2차반석타운아파트,연중무휴,00:00,23:59,2,,N,제주전기자동차서비스,1670-2690,33.32114751,126.8282521
동광메밀짬뽕,연중무휴,00:00,23:59,0,1,N,보타리에너지,1670-2690,33.31065999,126.3497051
마마뜰카페,연중무휴,00:00,23:59,0,1,N,보타리에너지,1670-2690,33.3101922,126.3335672
피규어뮤지엄제주,연중무휴,00:00,23:59,0,1,N,한국전기차충전서비스,1522-1782,33.28190281,126.3553587
헬로키티아일랜드,연중무휴,00:00,23:59,0,2,N,한국전기차충전서비스,1522-1782,33.29010127,126.352082
주식회사 까사데비발디,연중무휴,00:00,23:59,2,0,N,파워큐브코리아,1833-8017,33.23416082,126.2905004
서부소방서 안덕 119센터,연중무휴,00:00,23:59,0,1,N,제주특별자치도,1899-8852,33.25120141,126.3308562
어썸,연중무휴,00:00,23:59,2,0,N,파워큐브코리아,1833-8017,33.25643548,126.4025967
스놉부티크스테이,연중무휴,00:00,23:59,0,1,N,보타리에너지,1670-2690,33.23327758,126.3695814
월드컵흑돼지,연중무휴,00:00,23:59,2,0,N,파워큐브코리아,1833-8017,33.24304042,126.5051366
월평마을회관(다목적건물),연중무휴,00:00,23:59,0,2,N,제주특별자치도,1899-8852,33.24611993,126.4607818
뜨레피아,연중무휴,00:00,23:59,2,0,N,파워큐브코리아,1833-8017,33.24949532,126.4590527
휴식호텔중문,연중무휴,00:00,23:59,2,0,N,파워큐브코리아,1833-8017,33.23887253,126.4304107
정혜재활원,연중무휴,00:00,23:59,0,1,N,제주특별자치도,1899-8852,33.28467665,126.5814767
코델리아S호텔,연중무휴,00:00,23:59,0,2,N,제주전기자동차서비스,1670-2690,33.45492608,126.9102771
중문관광단지충전소,연중무휴,00:00,23:59,0,2,N,GS칼텍스,,33.2630671,126.3979668
황토기와집,연중무휴,00:00,23:59,1,0,N,파워큐브코리아,1833-8017,33.26393747,126.3952433
중문미로파크,연중무휴,00:00,23:59,2,0,N,파워큐브코리아,1833-8017,33.26339597,126.3819347
씨에스호텔앤리조트,연중무휴,00:00,23:59,2,0,N,테슬라,,33.24291556,126.4202942
중문썬라이즈,연중무휴,00:00,23:59,1,0,N,대영채비,1522-2573,33.24756813,126.4304831
류차이,연중무휴,00:00,23:59,0,2,N,상명엔지니어링,1670-2690,33.2496401,126.4316758
서귀포개인택시조합,연중무휴,00:00,23:59,0,2,N,한국전력,1899-2100,33.26947007,126.5929608
서귀포샘물교회,연중무휴,00:00,23:59,2,0,N,파워큐브코리아,1833-8017,33.26467227,126.5639063
기아오토큐중부점,연중무휴,00:00,23:59,0,1,N,이지차저,,33.26254592,126.5364078
플레이롤러,연중무휴,00:00,23:59,0,2,N,상명엔지니어링,1670-2690,33.26189801,126.5252712
늘예솔,연중무휴,00:00,23:59,2,0,N,파워큐브코리아,1833-8017,33.36288467,126.8655403
고망난돌민박가든,연중무휴,00:00,23:59,1,0,N,파워큐브코리아,1833-8017,33.35321077,126.8579144
광치기흑돼지,연중무휴,00:00,23:59,2,0,N,파워큐브코리아,1833-8017,33.45003617,126.9215367
취다선리조트,연중무휴,00:00,23:59,1,,N,제주전기자동차서비스,1670-2690,33.47184922,126.9127039
국민건강보험공단서귀포지사,연중무휴,00:00,23:59,0,1,N,환경부(한국자동차환경협회),1661-9408,33.25496552,126.5074517
글래드호텔엔리조트(제주항공우주호텔),연중무휴,00:00,23:59,7,0,N,대영채비,1522-2573,33.30246481,126.2945819
대평횟집,연중무휴,00:00,23:59,0,1,N,보타리에너지,1670-2690,33.23764966,126.362001
세븐일레븐 서귀포덕수점,연중무휴,00:00,23:59,0,1,N,한국전기차충전서비스,1522-1782,33.25870435,126.3041888
페를로,연중무휴,00:00,23:59,2,0,N,제주전기자동차서비스,1670-2690,33.25673168,126.3061361
CU서귀동광로점,연중무휴,00:00,23:59,0,1,N,에스트래픽,080-805-0010,33.31808674,126.3457925
뽀로로테마파크,연중무휴,00:00,23:59,0,3,N,상명엔지니어링,1670-2690,33.30044342,126.3708122
산방산나들목,연중무휴,00:00,23:59,0,1,N,보타리에너지,1670-2690,33.23033232,126.3080654
바다스케치,연중무휴,00:00,23:59,1,0,N,파워큐브코리아,1833-8017,33.23493271,126.3097501
제주나르샤리조트,연중무휴,00:00,23:59,2,0,N,파워큐브코리아,1833-8017,33.23389821,126.2937855
연암재,연중무휴,00:00,23:59,1,0,N,파워큐브코리아,1833-8017,33.23507722,126.2962779
산방산탄산온천,연중무휴,00:00,23:59,0,2,N,제주전기자동차서비스,1670-2690,33.24890039,126.2987639
포도호텔,연중무휴,00:00,23:59,1,0,N,테슬라,,33.31431906,126.3928897
방주교회,연중무휴,00:00,23:59,0,2,N,한국전력,1899-2100,33.30512643,126.3877866
디아넥스호텔,연중무휴,00:00,23:59,1,0,N,테슬라,,33.3032687,126.3921116
오설록주차장,고객외 이용불가,00:00,23:59,10,,N,제주전기자동차서비스,1670-2690,33.2986963,126.2877723
제주다와풀빌라,연중무휴,00:00,23:59,0,1,N,보타리에너지,1670-2690,33.24238723,126.3680954
NIA글로벌센터,연중무휴,00:00,23:59,1,0,N,차지인,,33.25347884,126.5201615
올레타이어샵,연중무휴,00:00,23:59,1,0,N,파워큐브코리아,1833-8017,33.25939303,126.5519299
강정생명평화교회,연중무휴,00:00,23:59,0,2,N,한국전력,1899-2100,33.23768227,126.4955405
성산서부교회,연중무휴,00:00,23:59,1,0,N,파워큐브코리아,1833-8017,33.44856674,126.9086661
성산읍 노인복지회관,연중무휴,00:00,23:59,0,2,N,제주특별자치도,1899-8852,33.44856157,126.906558
제주자연생태공원주차장,연중무휴,00:00,23:59,0,1,N,제주특별자치도,1899-8852,33.44055655,126.8220508
제주참숯가마찜질방,연중무휴,00:00,23:59,0,1,N,제주전기자동차서비스,1670-2690,33.36899883,126.8633002
제주아띠다올,연중무휴,00:00,23:59,1,,N,제주전기자동차서비스,1670-2690,33.42587709,126.8512586
우리들국수,연중무휴,00:00,23:59,1,,N,제주전기자동차서비스,1670-2690,33.43702104,126.9224044
성산스튜디오,연중무휴,00:00,23:59,2,0,N,파워큐브코리아,1833-8017,33.44451312,126.9190852
성산썬라이즈호텔,연중무휴,00:00,23:59,2,0,N,대영채비,1522-2573,33.46235059,126.9310261
썬라이즈호텔섭지코지점,연중무휴,00:00,23:59,1,0,N,대영채비,1522-2573,33.43665415,126.9183054
온평리마을회(온평리사무소),연중무휴,00:00,23:59,2,1,N,파워큐브코리아,1833-8017,33.40812099,126.9001727
성산자동차공업사,연중무휴,00:00,23:59,2,,N,제주전기자동차서비스,1670-2690,33.4720614,126.9022381
성산점기아오토큐,연중무휴,00:00,23:59,1,0,N,파워큐브코리아,1833-8017,33.43573185,126.9092946
터닝포인트제주,연중무휴,00:00,23:59,1,0,N,대영채비,1522-2573,33.37300833,126.8726128
국립기상과학원,연중무휴,00:00,23:59,3,,N,제주전기자동차서비스,1670-2690,33.25881835,126.5178485
서귀동 공영주차장(서귀동 28-3),연중무휴,00:00,23:59,0,1,N,제주특별자치도,1899-8852,33.2428788,126.5644784
부면동정류장 뒤 마을시설,연중무휴,00:00,23:59,0,1,N,제주특별자치도,1899-8852,33.41639508,126.3325249
애월리에,연중무휴,00:00,23:59,1,0,N,파워큐브코리아,1833-8017,33.4737533,126.3781303
제주시간여행휴양펜션,연중무휴,00:00,23:59,1,0,N,파워큐브코리아,1833-8017,33.47200511,126.3761547
유수암주유소,연중무휴,00:00,23:59,0,1,N,보타리에너지,1670-2690,33.42734021,126.4107962
폴라리스,연중무휴,00:00,23:59,2,0,N,파워큐브코리아,1833-8017,33.43811418,126.4081252
제이디피모터스애월점,연중무휴,00:00,23:59,1,0,N,제주전기자동차서비스,1670-2690,33.46059657,126.3163442
덕우자동차공업사,연중무휴,00:00,23:59,1,0,N,파워큐브코리아,1833-8017,33.46146073,126.3353249
풀빌라더시크릿 애월점,연중무휴,00:00,23:59,0,4,N,상명엔지니어링,1670-2690,33.46262916,126.3393692
제주소년원,연중무휴,00:00,23:59,0,1,N,제주특별자치도,1899-8852,33.4097399,126.3852907
제일빌리지,연중무휴,00:00,23:59,2,0,N,파워큐브코리아,1833-8017,33.46227081,126.4450204
중엄리복지회관(새마을회),연중무휴,00:00,23:59,0,1,N,제주특별자치도,1899-8852,33.47270481,126.3725952
도치돌,연중무휴,00:00,23:59,0,1,N,보타리에너지,1670-2690,33.41976582,126.3397112
어사촌도야지,연중무휴,00:00,23:59,1,0,N,파워큐브코리아,1833-8017,33.41974997,126.3387652
경진자동차공업사,연중무휴,00:00,23:59,1,0,N,파워큐브코리아,1833-8017,33.44495845,126.432681
더럭초등학교 주차장,연중무휴,00:00,23:59,0,1,N,제주특별자치도,1899-8852,33.4527818,126.3429798
남건휴먼스파스텔빌리지,연중무휴,00:00,23:59,1,0,N,파워큐브코리아,1833-8017,33.46620676,126.4193457
제주교회,연중무휴,00:00,23:59,2,0,N,파워큐브코리아,1833-8017,33.48015805,126.3956001
하귀휴먼시아1단지아파트,연중무휴,00:00,23:59,0,1,N,제주특별자치도,1899-8852,33.48373878,126.4165948
바이더힐,연중무휴,00:00,23:59,2,0,N,파워큐브코리아,1833-8017,33.44434218,126.403566
민오름태흥누리안빌,연중무휴,00:00,23:59,2,0,N,파워큐브코리아,1833-8017,33.48004958,126.5098828
미라클호텔,연중무휴,00:00,23:59,2,,N,에스트래픽,080-805-0010,33.50941507,126.4812523
베니스타워,연중무휴,00:00,23:59,2,,N,에스트래픽,080-805-0010,33.50959116,126.4819658
신흥노을바다펜션,연중무휴,00:00,23:59,0,1,N,제주전기자동차서비스,1670-2690,33.51166348,126.4842395
그림리조트,연중무휴,00:00,23:59,1,0,N,파워큐브코리아,1833-8017,33.51618514,126.5034837
대어,연중무휴,00:00,23:59,1,0,N,파워큐브코리아,1833-8017,33.51612942,126.5030793
한국자동차공업사,연중무휴,00:00,23:59,1,0,N,제주전기자동차서비스,1670-2690,33.5155154,126.564133
쌍용자동차제주정비사업소,연중무휴,00:00,23:59,1,0,N,제주전기자동차서비스,1670-2690,33.5155154,126.564133
태산봉,연중무휴,00:00,23:59,1,,N,에스트래픽,080-805-0010,33.51164498,126.5303653
노형뜨란채아파트,연중무휴,00:00,23:59,0,2,N,제주특별자치도,1899-8852,33.48711549,126.473212
노형 e-편한세상아파트,연중무휴,00:00,23:59,0,1,N,제주특별자치도,1899-8852,33.48521143,126.4698536
정원파인즈16차,연중무휴,00:00,23:59,6,0,N,제주전기자동차서비스,1670-2690,33.48621646,126.5438835
제주연구원,연중무휴,00:00,23:59,0,1,N,제주특별자치도,1899-8852,33.46770901,126.5145823
온난화대응농업연구소,연중무휴,00:00,23:59,1,0,N,제주전기자동차서비스,1670-2690,33.46728216,126.5170202
하버빌,연중무휴,00:00,23:59,1,0,N,제주전기자동차서비스,1670-2690,33.47536266,126.5278887
코즈게스트하우스,연중무휴,00:00,23:59,1,,N,에스트래픽,080-805-0010,33.30428986,126.3385513
레몬트리,연중무휴,00:00,23:59,2,0,N,파워큐브코리아,1833-8017,33.48393093,126.3949929
스마일공업사,연중무휴,00:00,23:59,1,0,N,파워큐브코리아,1833-8017,33.46517493,126.3447456
애월포세이돈,연중무휴,00:00,23:59,0,2,N,상명엔지니어링,1670-2690,33.46910205,126.3488168
고성2리 경로당,연중무휴,00:00,23:59,0,1,N,제주특별자치도,1899-8852,33.43562695,126.4252445
제주전기렌트카 광령주차장,연중무휴,00:00,23:59,0,1,N,제주전기자동차서비스,1670-2690,33.463862,126.434255
광령자동차공업사,연중무휴,00:00,23:59,1,0,N,파워큐브코리아,1833-8017,33.44419372,126.4342218
광명식당,연중무휴,00:00,23:59,1,0,N,파워큐브코리아,1833-8017,33.46109021,126.4391203
납읍리보건소(남읍리사무소),연중무휴,00:00,23:59,0,1,N,제주특별자치도,1899-8852,33.43872717,126.3301257
제주전파관리소,연중무휴,00:00,23:59,0,1,N,제주특별자치도,1899-8852,33.40477911,126.372641
고스트하우스,연중무휴,00:00,23:59,1,0,N,파워큐브코리아,1833-8017,33.4758658,126.3567705
파란노을제주애월,연중무휴,00:00,23:59,1,0,N,파워큐브코리아,1833-8017,33.46217525,126.3122701
씨앤힐스파펜션,연중무휴,00:00,23:59,1,0,N,파워큐브코리아,1833-8017,33.47296549,126.3524586
빌라드애월,연중무휴,00:00,23:59,3,0,N,테슬라,,33.47767128,126.3600019
남원생활체육관,연중무휴,00:00,23:59,0,1,N,제주특별자치도,1899-8852,33.27810723,126.705244
남원생활체육관,연중무휴,00:00,23:59,0,2,N,한국전력,1899-2100,33.27810723,126.705244
태흥1리마을회,연중무휴,00:00,23:59,1,0,N,지엔텔,1544-4279,33.2834217,126.733118
마더카페,연중무휴,00:00,23:59,2,0,N,제주전기자동차서비스,1670-2690,33.28130762,126.7415575
CU 서귀태흥점,연중무휴,00:00,23:59,0,1,N,클린일렉스,1811-1350,33.2929303,126.7575155
대한예수교장로회태흥교회,고객외 이용불가,00:00,23:59,1,0,N,KT,1522-0123,33.290735,126.7446837
하례1리마을회,연중무휴,00:00,23:59,1,0,N,지엔텔,1544-4279,33.2691981,126.6253505
의귀리마을회,연중무휴,00:00,23:59,2,0,N,지엔텔,1544-4279,33.31033951,126.7133052
농업회사법인가뫼불,연중무휴,00:00,23:59,2,0,N,지엔텔,1544-4279,33.2899733,126.693455
가파도 마을회관,연중무휴,00:00,23:59,1,0,N,제주특별자치도,1899-8852,33.1664333,126.2735293
상남아크로타워,연중무휴,00:00,23:59,0,9,N,상명엔지니어링,1670-2690,33.28070729,126.2782605
세인트존스베리아카데미 제주(St. Johnsbury Academy Jeju),고객외 이용불가,00:00,23:59,10,0,N,KT,1522-0123,33.2852936,126.2843115
제이라움,연중무휴,00:00,23:59,2,0,N,대영채비,1522-2573,33.2564363,126.1904548
신도1리마을회,연중무휴,00:00,23:59,2,0,N,KT,1522-0123,33.278433,126.1917502
대정문화체육센터,연중무휴,00:00,23:59,0,3,N,환경부(한국자동차환경협회),1661-9408,33.26392712,126.2355124
제이앤클로이,연중무휴,00:00,23:59,2,0,N,대영채비,1522-2573,33.25726656,126.1889147
송악산 공영주차장,연중무휴,00:00,23:59,0,2,N,제주특별자치도,1899-8852,33.2059597,126.2867586
상모1리마을회,연중무휴,00:00,23:59,2,0,N,지엔텔,1544-4279,33.22637183,126.2694199
서림교회,연중무휴,00:00,23:59,2,0,N,파워큐브코리아,1833-8017,33.24622627,126.2255605
무릉문화의집,연중무휴,00:00,23:59,1,0,N,제주특별자치도,1899-8852,33.2734542,126.1989574
무릉문화의집,연중무휴,00:00,23:59,0,1,N,환경부(한국자동차환경협회),1661-9408,33.2734542,126.1989574
마라도 가는 여객선,연중무휴,00:00,23:59,0,1,N,한국전력,1899-2100,33.20739732,126.2905823
서귀포시서부종합사회복지관,연중무휴,00:00,23:59,0,2,N,제주특별자치도,1899-8852,33.22390252,126.2478797
대한예수교장로회모슬포제일교회,연중무휴,00:00,23:59,1,0,N,지엔텔,1544-4279,33.22125293,126.2498633
대정농협 하나로마트,연중무휴,00:00,23:59,0,3,N,제주전기자동차서비스,1670-2690,33.23404408,126.2641991
대정농공단지,연중무휴,00:00,23:59,0,1,N,제주특별자치도,1899-8852,33.25676783,126.2278396
보성리사무소,연중무휴,00:00,23:59,0,2,N,제주특별자치도,1899-8852,33.25116938,126.2731037
서귀포향토오일장,연중무휴,00:00,23:59,0,2,N,한국전력,1899-2100,33.26698899,126.5736531
서귀포시 중앙교회,연중무휴,00:00,23:59,0,2,N,제주특별자치도,1899-8852,33.27306029,126.5688708
아시아CGI애니메이션센터,연중무휴,00:00,23:59,0,2,N,환경부(한국자동차환경협회),1661-9408,33.2525989,126.5673616
빅타이어서귀포점,연중무휴,00:00,23:59,2,0,N,파워큐브코리아,1833-8017,33.25779874,126.5723541
강정크루즈터미널,연중무휴,00:00,23:59,0,2,N,환경부(한국자동차환경협회),1661-9408,33.22903918,126.4784679
루체클래식아파트,연중무휴,00:00,23:59,2,,N,제주전기자동차서비스,1670-2690,33.23868673,126.5104442
호텔아루미,연중무휴,00:00,23:59,2,0,N,대영채비,1522-2573,33.25857411,126.4139621
위미농협,연중무휴,00:00,23:59,1,1,N,한국전기차충전서비스,1522-1782,33.2745832,126.6608179
비전교회,연중무휴,00:00,23:59,2,0,N,파워큐브코리아,1833-8017,33.50748995,126.5208178
김경희부동산,연중무휴,00:00,23:59,2,0,N,파워큐브코리아,1833-8017,33.49952003,126.5052576
제주특별자치도개발공사 임시사무연구동,충전기 운영 휴무일 없음,00:00,24:00,2,0,N,제주특별자치도개발공사,064-780-3383,33.44233843,126.5714509
구억리마을회,연중무휴,00:00,23:59,1,0,N,KT,1522-0123,33.2728481,126.2791538
영농조합법인 서귀포 한라,고객외 이용불가,00:00,23:59,2,0,N,한국전기차충전서비스,1522-1782,33.30018851,126.5990713
제스코마트 서귀포점,연중무휴,00:00,23:59,0,2,N,환경부(한국자동차환경협회),1661-9408,33.26291899,126.595773
오아시스휴양펜션,연중무휴,00:00,23:59,2,0,N,지엔텔,1544-4279,33.26663774,126.5992505
중문관광단지,연중무휴,00:00,23:59,0,5,N,환경부(한국자동차환경협회),1661-9408,33.2814107,126.4111118
중문리조트,고객외 이용불가,00:00,23:59,1,0,N,제주전기자동차서비스,1670-2690,33.262578,126.4156439
호텔더본제주,연중무휴,00:00,23:59,4,0,N,KT,1522-0123,33.2595341,126.4064992
중앙공영주차장,연중무휴,00:00,23:59,0,2,Y,제주특별자치도,1899-8852,33.2499207,126.5599672
중앙공영주차장,연중무휴,00:00,23:59,0,3,Y,환경부(한국자동차환경협회),1661-9408,33.2499207,126.5599672
천지공영주차장,연중무휴,00:00,23:59,1,1,N,한국전기차충전서비스,1522-1782,33.2515976,126.5594295
아랑조을거리 공영주차장,연중무휴,00:00,23:59,0,1,N,환경부(한국자동차환경협회),1661-9408,33.2477823,126.5603076
신평리마을회,고객외 이용불가,00:00,23:59,1,0,N,KT,1522-0123,33.2653436,126.2591074
