,충전소명,휴점일,이용가능시작시각,이용가능종료시각,완속충전기대수,급속충전기대수,주차료부과여부,관리업체명,관리업체전화번호,경도,위도,V2G충전기대수
0,정방동문화의집,연중무휴,00:00,23:59,0,1,N,제주특별자치도,1899-8852,126.5702672,33.2465421,0
1,㈜두레(퍼스트70호텔),연중무휴,00:00,23:59,1,0,N,대영채비,1522-2573,126.5668471,33.24725224,0
2,홍로공영주차장,연중무휴,00:00,23:59,0,4,N,환경부(한국자동차환경협회),1661-9408,126.5671727,33.2663197,1
3,한빛 분향소,연중무휴,00:00,23:59,1,0,N,KT,1522-0123,126.5671727,33.2663197,0
4,대한예수교장로회 서귀포교회,연중무휴,00:00,23:59,2,0,N,KT,1522-0123,126.5671727,33.2663197,0
5,성지,연중무휴,00:00,23:59,2,0,N,지엔텔,1544-4279,126.5750443,33.25542766,0
6,동홍동주민센터,연중무휴,00:00,23:59,1,0,N,제주특별자치도,1899-8852,126.5689267,33.2578824,0
7,동홍동주민센터,연중무휴,00:00,23:59,0,1,N,환경부(한국자동차환경협회),1661-9408,126.5689267,33.2578824,0
8,서귀포중앙 골프연습장,연중무휴,00:00,23:59,2,0,N,KT,1522-0123,126.5639609,33.27442085,0
9,서귀포시민회관,연중무휴,00:00,23:59,0,1,N,환경부(한국자동차환경협회),1661-9408,126.5667351,33.25169148,0
10,녹지제주헬스케어타운 유한회사,고객외 이용불가,00:00,23:59,5,0,N,KT,1522-0123,126.5668704,33.2612364,0
11,서귀포테니스장,연중무휴,00:00,23:59,0,2,N,제주특별자치도,1899-8852,126.5642119,33.25759736,0
12,코리아마트,연중무휴,00:00,23:59,2,1,N,한국전기차충전서비스,1522-1782,126.570198,33.2523774,0
13,코리아마트,연중무휴,00:00,23:59,1,0,N,제주전기자동차서비스,1670-2690,126.570198,33.2523774,0
14,퐁낭작은도서관 앞 공영주차장(비석거리),연중무휴,00:00,23:59,0,1,N,환경부(한국자동차환경협회),1661-9408,126.5722626,33.25544697,0
15,삼화석유 에이스주유소,연중무휴,00:00,23:59,0,2,N,SK에너지,,126.5724446,33.25509055,0
16,서귀포 자기주도학습지원센터,연중무휴,00:00,23:59,0,1,N,환경부(한국자동차환경협회),1661-9408,126.5703212,33.25129639,0
17,막동주차장,연중무휴,00:00,23:59,3,0,N,한국전기차충전서비스,1522-1782,126.5209467,33.2558886,1
18,송악리조트렌트,연중무휴,00:00,23:59,2,0,N,KT,1522-0123,126.2916634,33.21232307,0
19,서귀포강정LH아파트,연중무휴,00:00,23:59,2,0,N,KT,1522-0123,126.5022416,33.25326054,0
20,서귀포자연휴양림,연중무휴,00:00,23:59,4,0,N,제주특별자치도,1899-8852,126.4587607,33.31150025,0
21,뷰티플리조트,연중무휴,00:00,23:59,2,0,N,지엔텔,1544-4279,126.4465551,33.24314699,0
22,하이랜드,연중무휴,00:00,23:59,1,0,N,지엔텔,1544-4279,126.4455587,33.24256551,0
23,파밀리아 호텔,연중무휴,00:00,23:59,2,0,N,지엔텔,1544-4279,126.4380067,33.240958,0
24,에리두,연중무휴,00:00,23:59,1,0,N,지엔텔,1544-4279,126.4346153,33.24175167,0
25,대천동주민센터,연중무휴,00:00,23:59,1,0,N,제주특별자치도,1899-8852,126.477585,33.2507866,0
26,대천동주민센터,연중무휴,00:00,23:59,0,1,N,한국전력,1899-2100,126.477585,33.2507866,0
27,돈내코유원지 주차장,연중무휴,00:00,23:59,0,1,N,환경부(한국자동차환경협회),1661-9408,126.5847998,33.30024253,0
28,돈내코힐리조트,연중무휴,00:00,23:59,2,0,N,지엔텔,1544-4279,126.5786673,33.30276818,0
29,제주권역재활병원,연중무휴,00:00,23:59,0,2,N,한국전력,1899-2100,126.5624668,33.25288112,1
30,하모1리 마을회,연중무휴,00:00,23:59,1,0,N,지엔텔,1544-4279,126.2575365,33.21596122,0
31,서부보건소,연중무휴,00:00,23:59,4,1,N,제주특별자치도,1899-8852,126.2532449,33.21867302,0
32,안성리마을회,연중무휴,00:00,23:59,2,0,N,KT,1522-0123,126.2818826,33.2501849,0
33,제주추사관,연중무휴,00:00,23:59,0,1,N,제주특별자치도,1899-8852,126.2789466,33.2499613,0
34,제주추사관,연중무휴,00:00,23:59,0,2,N,환경부(한국자동차환경협회),1661-9408,126.2789466,33.2499613,0
35,제주추사관,연중무휴,00:00,23:59,3,0,N,KT,1522-0123,126.2789466,33.2499613,0
36,하모2리주차장,연중무휴,00:00,23:59,0,1,N,환경부(한국자동차환경협회),1661-9408,126.2504231,33.2238582,0
37,대정감협 인근 공영주차장,연중무휴,00:00,23:59,0,1,N,환경부(한국자동차환경협회),1661-9408,126.2520661,33.2230292,0
38,대정읍사무소,연중무휴,00:00,23:59,0,4,N,한국전력,1899-2100,126.2521329,33.22682775,0
39,인성리 사무실,연중무휴,00:00,23:59,1,0,N,KT,1522-0123,126.2804411,33.24780035,0
40,㈜상효원,연중무휴,00:00,23:59,1,1,N,한국전기차충전서비스,1522-1782,126.5860938,33.3072182,0
41,색달쓰레기매립장,연중무휴,00:00,23:59,1,0,N,제주특별자치도,1899-8852,126.417335,33.30720877,0
42,색달쓰레기매립장,연중무휴,00:00,23:59,0,2,N,환경부(한국자동차환경협회),1661-9408,126.417335,33.30720877,0
43,모던플레이스,연중무휴,00:00,23:59,1,0,N,지엔텔,1544-4279,126.394765,33.2679552,0
44,중문예촌펜션,연중무휴,00:00,23:59,1,0,N,지엔텔,1544-4279,126.3938756,33.2680297,0
45,㈜레이크힐스리조트제주,연중무휴,00:00,23:59,2,0,N,KT,1522-0123,126.376896,33.2674383,0
46,대유랜드,연중무휴,00:00,23:59,1,1,N,한국전기차충전서비스,1522-1782,126.3942294,33.27897873,0
47,뜨리바다펜션,고객외 이용불가,00:00,23:59,1,0,N,한국전기차충전서비스,1522-1782,126.7000486,33.27181944,0
48,금호리조트,연중무휴,00:00,23:59,2,0,N,제주전기자동차서비스,1670-2690,126.7027559,33.27365445,0
49,느영나영초가집,연중무휴,00:00,23:59,2,0,N,지엔텔,1544-4279,126.6989381,33.2751564,0
50,남원읍 공영주차장,연중무휴,00:00,23:59,0,1,N,환경부(한국자동차환경협회),1661-9408,126.7214486,33.2788184,0
51,호텔이디,연중무휴,00:00,23:59,2,0,N,지엔텔,1544-4279,126.7204703,33.27921714,0
52,남원읍사무소,연중무휴,00:00,23:59,2,2,N,제주특별자치도,1899-8852,126.7206785,33.27989564,0
53,남원1리마을회,연중무휴,00:00,23:59,2,0,N,지엔텔,1544-4279,126.7161553,33.27781885,0
54,남원하나로마트,연중무휴,00:00,23:59,1,1,N,한국전기차충전서비스,1522-1782,126.7215534,33.28429396,0
55,지중해리조트,연중무휴,00:00,23:59,1,0,N,지엔텔,1544-4279,126.7467717,33.2829039,0
56,한남리마을회,연중무휴,00:00,23:59,1,0,N,지엔텔,1544-4279,126.6951653,33.31185074,0
57,태흥3리마을회,연중무휴,00:00,23:59,2,0,N,지엔텔,1544-4279,126.7584735,33.29359307,0
58,백통신원 기린산장,고객외 이용불가,00:00,23:59,2,0,N,한국전기차충전서비스,1522-1782,126.639049,33.32268217,0
59,동국개발(스프링데일C.C),연중무휴,00:00,23:59,2,0,N,한국전기차충전서비스,1522-1782,126.6384879,33.3295216,1
60,수망관광휴양펜션,연중무휴,00:00,23:59,2,0,N,KT,1522-0123,126.6983019,33.33650161,0
61,남원의례회관 주차장,연중무휴,00:00,23:59,0,2,N,한국전력,1899-2100,126.7114506,33.2948173,0
62,(재)테크노파크 생물종다양성연구소,연중무휴,00:00,23:59,0,1,N,환경부(한국자동차환경협회),1661-9408,126.634748,33.31464154,0
63,(재)테크노파크 생물종다양성연구소,연중무휴,00:00,23:59,0,4,N,제주테크노파크,,126.634748,33.31464154,0
64,제주공천포전지훈련센터,연중무휴,00:00,23:59,0,2,N,제주특별자치도,1899-8852,126.6409081,33.27680559,0
65,신례1리마을회,연중무휴,00:00,23:59,2,0,N,KT,1522-0123,126.6272191,33.28812221,0
66,신례1리마을회,연중무휴,00:00,23:59,2,0,N,지엔텔,1544-4279,126.6272191,33.28812221,0
67,신흥1리 새마을회,연중무휴,00:00,23:59,2,0,N,KT,1522-0123,126.7669485,33.304171,0
68,더빌라스오션,연중무휴,00:00,23:59,1,0,N,파워큐브코리아,1833-8017,126.770629,33.30098062,0
69,해비치호텔앤드리조트,연중무휴,00:00,23:59,3,0,N,지엔텔,1544-4279,126.7218983,33.36231061,0
70,위미1리마을회,연중무휴,00:00,23:59,1,0,N,지엔텔,1544-4279,126.6571928,33.2737995,0
71,흥진자동차공업사,연중무휴,00:00,23:59,1,0,N,제주전기자동차서비스,1670-2690,126.6575103,33.27494819,1
72,은빌레펜션,고객외 이용불가,00:00,23:59,1,0,N,한국전기차충전서비스,1522-1782,126.716797,33.3117075,0
73,펜션정원,연중무휴,00:00,23:59,2,0,N,지엔텔,1544-4279,126.7751676,33.30642033,0
74,해든빌레펜션,연중무휴,00:00,23:59,2,0,N,지엔텔,1544-4279,126.6616823,33.29197517,0
75,신흥2리마을회,연중무휴,00:00,23:59,2,0,N,지엔텔,1544-4279,126.7456046,33.3211735,0
76,위미의례회관,연중무휴,00:00,23:59,0,1,N,환경부(한국자동차환경협회),1661-9408,126.6576884,33.28980033,0
77,금앤옥통나무펜션,연중무휴,00:00,23:59,2,0,N,지엔텔,1544-4279,126.6293628,33.2830034,0
78,서귀포농업기술센터,연중무휴,00:00,23:59,3,0,N,제주특별자치도,1899-8852,126.6072502,33.28833481,0
79,서귀포농업기술센터,연중무휴,00:00,23:59,0,3,N,환경부(한국자동차환경협회),1661-9408,126.6072502,33.28833481,0
80,태흥2리마을회,연중무휴,00:00,23:59,2,0,N,지엔텔,1544-4279,126.7451648,33.2877337,0
81,꿈꾸는 노마드,연중무휴,00:00,23:59,1,0,N,KT,1522-0123,126.4995561,33.24169811,0
82,영어교육도신 한신더휴아파트,입주민외 이용불가,00:00,23:59,2,0,N,지엔텔,1544-4279,126.2803435,33.28691522,0
83,삼정지에듀아파트,입주민외 이용불가,00:00,23:59,2,0,N,지엔텔,1544-4279,126.2742565,33.28408845,0
84,제주 곶자왈 도립공원입구,연중무휴,00:00,23:59,0,1,N,환경부(한국자동차환경협회),1661-9408,126.2735723,33.28322252,0
85,영어교육도시119센터,연중무휴,00:00,23:59,0,2,N,한국전력,1899-2100,126.2733586,33.27896208,0
86,대정 영어교육도시,연중무휴,00:00,23:59,1,0,N,제주특별자치도,1899-8852,126.2818294,33.28794082,0
87,대정 영어교육도시,연중무휴,00:00,23:59,0,2,N,환경부(한국자동차환경협회),1661-9408,126.2818294,33.28794082,0
88,가온누리,고객외 이용불가,00:00,23:59,1,0,N,파워큐브코리아,1833-8017,126.2534033,33.22781273,1
89,대정119센터,연중무휴,00:00,23:59,1,0,N,제주특별자치도,1899-8852,126.240854,33.23251532,1
90,희준카센타,연중무휴,00:00,23:59,0,1,N,한국전기차충전서비스,1522-1782,126.2221662,33.24693381,0
91,무릉2리마을회,연중무휴,00:00,23:59,2,0,N,KT,1522-0123,126.235267,33.27484586,0
92,빅토르투자개발,고객외 이용불가,00:00,23:59,4,0,N,KT,1522-0123,126.5814377,33.2793461,0
93,비전지역아동센터,연중무휴,00:00,23:59,2,0,N,KT,1522-0123,126.5008946,33.26234316,0
94,뉴월드 골프타운,연중무휴,00:00,23:59,2,0,N,KT,1522-0123,126.5069543,33.26251197,1
95,명성레져개발,고객외 이용불가,00:00,23:59,2,0,N,한국전기차충전서비스,1522-1782,126.4943432,33.25778008,0
96,에띠에호스텔,연중무휴,00:00,23:59,2,0,N,지엔텔,1544-4279,126.4941424,33.2352943,0
97,올레요리조트,연중무휴,00:00,23:59,2,0,N,파워큐브코리아,1833-8017,126.4926906,33.2347494,0
98,강정보건지소,연중무휴,00:00,23:59,0,1,N,제주특별자치도,1899-8852,126.4772283,33.23759944,0
99,호텔 빠레브 주식회사,연중무휴,00:00,23:59,3,0,N,KT,1522-0123,126.5066913,33.2523353,1
100,에코럭스,연중무휴,00:00,23:59,2,0,N,지엔텔,1544-4279,126.5075472,33.25248102,0
101,새서귀포교회,연중무휴,00:00,23:59,1,0,N,파워큐브코리아,1833-8017,126.5068952,33.25316728,0
102,풍경호스텔,연중무휴,00:00,23:59,2,0,N,KT,1522-0123,126.5528623,33.24237001,0
103,주식회사 선샤인,고객외 이용불가,00:00,23:59,2,0,N,KT,1522-0123,126.553327,33.2434345,0
104,풍경호텔,연중무휴,00:00,23:59,2,0,N,KT,1522-0123,126.553412,33.24484246,1
105,천지연폭포 주차장,연중무휴,00:00,23:59,1,0,N,제주특별자치도,1899-8852,126.5596704,33.2447447,0
106,천지연폭포 주차장,연중무휴,00:00,23:59,0,3,N,환경부(한국자동차환경협회),1661-9408,126.5596704,33.2447447,0
107,삼매봉도서관,연중무휴,00:00,23:59,1,0,N,제주특별자치도,1899-8852,126.552097,33.2443256,0
108,삼매봉도서관,연중무휴,00:00,23:59,0,1,N,환경부(한국자동차환경협회),1661-9408,126.552097,33.2443256,0
109,대발이파크,연중무휴,00:00,23:59,0,1,N,제주전기자동차서비스,1670-2690,126.7042434,33.27434685,0
110,소랑호젠펜션,연중무휴,00:00,23:59,2,0,N,파워큐브코리아,1833-8017,126.7052388,33.27580986,0
111,동부보건소,연중무휴,00:00,23:59,6,0,N,제주특별자치도,1899-8852,126.7034172,33.27562882,0
112,동부보건소,연중무휴,00:00,23:59,0,1,N,환경부(한국자동차환경협회),1661-9408,126.7034172,33.27562882,0
113,강정포구횟집,연중무휴,00:00,23:59,2,0,N,지엔텔,1544-4279,126.4758302,33.2288117,0
114,더베이리조트,연중무휴,00:00,23:59,2,0,N,대영채비,1522-2573,126.5934867,33.24120025,0
115,(주)이레,연중무휴,00:00,23:59,2,0,N,지엔텔,1544-4279,126.7786436,33.40269826,0
116,한국전력 제주본주 서귀포지사,연중무휴,00:00,23:59,0,3,N,한국전력,1899-2100,126.5107961,33.2541046,0
117,월드컵경기장 인근 공영주차장,연중무휴,00:00,23:59,0,2,N,환경부(한국자동차환경협회),1661-9408,126.5110332,33.2481172,0
118,삼화석유 법환주유소,연중무휴,00:00,23:59,0,2,N,SK에너지,,126.5127149,33.24790307,0
119,귤낭하우스,연중무휴,00:00,23:59,2,0,N,지엔텔,1544-4279,126.5218882,33.243023,0
120,오랑제리펜션,연중무휴,00:00,23:59,2,0,N,지엔텔,1544-4279,126.5144709,33.24471457,0
121,장안그랜드빌리지자치회,입주민외 이용불가,00:00,23:59,1,0,N,지엔텔,1544-4279,126.5970986,33.24160151,1
122,밀레니엄빌,연중무휴,00:00,23:59,1,0,N,지엔텔,1544-4279,126.5900386,33.2452066,0
123,보목하수처리장,연중무휴,00:00,23:59,0,1,N,환경부(한국자동차환경협회),1661-9408,126.5914917,33.243313,0
124,자치경찰단서귀포지역대청사,연중무휴,00:00,23:59,2,0,N,제주특별자치도,1899-8852,126.5657339,33.24495461,0
125,자치경찰단서귀포지역대청사,연중무휴,00:00,23:59,0,1,N,환경부(한국자동차환경협회),1661-9408,126.5657339,33.24495461,0
126,해담은,연중무휴,00:00,23:59,1,0,N,지엔텔,1544-4279,126.3032638,33.2394792,0
127,제주아이브,연중무휴,00:00,23:59,2,0,N,지엔텔,1544-4279,126.4960969,33.28877784,0
128,치유의숲,연중무휴,00:00,23:59,2,0,N,제주특별자치도,1899-8852,126.5279042,33.29193935,0
129,누가빌리지 주식회사,고객외 이용불가,00:00,23:59,2,0,N,KT,1522-0123,126.5729395,33.29628579,0
130,허브인휴양펜션,연중무휴,00:00,23:59,1,0,N,파워큐브코리아,1833-8017,126.2902458,33.4356419,0
131,오로라정원,연중무휴,00:00,23:59,0,3,N,상명엔지니어링,1670-2690,126.2485555,33.35941042,0
132,한림금능농공단지 내 제주맥주,연중무휴,00:00,23:59,0,1,N,제주특별자치도,1899-8852,126.2412145,33.35850024,0
133,한국중부발전 상명풍력발전소,연중무휴,00:00,23:59,0,2,N,환경부(한국자동차환경협회),1661-9408,126.2919639,33.339953,0
134,명월국민학교,연중무휴,00:00,23:59,2,0,N,제주전기자동차서비스,1670-2690,126.2648488,33.38890351,0
135,수원리새마을회,연중무휴,00:00,23:59,1,0,N,파워큐브코리아,1833-8017,126.2705839,33.42747125,0
136,제주프랜,연중무휴,00:00,23:59,1,0,N,제주전기자동차서비스,1670-2690,126.267164,33.40194338,0
137,아일랜드힐,연중무휴,00:00,23:59,1,,N,제주전기자동차서비스,1670-2690,126.2796338,33.34711291,0
138,제주담스파빌,연중무휴,00:00,23:59,1,0,N,파워큐브코리아,1833-8017,126.2253178,33.38567338,0
139,앤트러사이트(동아물산),연중무휴,00:00,23:59,0,2,N,보타리에너지,1670-2690,126.2582303,33.40789487,0
140,돈내코순두부한림점,연중무휴,00:00,23:59,0,2,N,보타리에너지,1670-2690,126.2824888,33.40970367,0
141,성아자동차공업사,연중무휴,00:00,23:59,2,0,N,파워큐브코리아,1833-8017,126.2754372,33.42206493,0
142,금악주유소,연중무휴,00:00,23:59,0,1,N,보타리에너지,1670-2690,126.2984609,33.35329748,0
143,화북동 공영주차장(화북일동 11-7),연중무휴,00:00,23:59,0,2,N,제주특별자치도,1899-8852,126.5712817,33.5198132,1
144,동화초등학교 맞은편 공영주차장,연중무휴,00:00,23:59,0,1,N,제주특별자치도,1899-8852,126.5745354,33.5179212,0
145,중문동주민센터,연중무휴,00:00,23:59,1,1,N,제주특별자치도,1899-8852,126.4336393,33.25333129,0
146,중문제일행복한 홈스쿨지역아동센터,연중무휴,00:00,23:59,2,0,N,KT,1522-0123,126.4332519,33.254145,0
147,중문아리랑,연중무휴,00:00,23:59,2,0,N,파워큐브코리아,1833-8017,126.4340345,33.25394619,0
148,중문메리디안,고객외 이용불가,00:00,23:59,1,0,N,한국전기차충전서비스,1522-1782,126.435335,33.25397374,0
149,WE호텔(한라의료재단),연중무휴,00:00,23:59,2,0,N,한국전기차충전서비스,1522-1782,126.4440336,33.28616473,0
150,모이라펜션,연중무휴,00:00,23:59,2,0,N,지엔텔,1544-4279,126.5871454,33.27908388,0
151,귀덕편의점,연중무휴,00:00,23:59,2,0,N,파워큐브코리아,1833-8017,126.2802959,33.4378241,0
152,함덕드라마빌리지,연중무휴,00:00,23:59,1,0,N,제주전기자동차서비스,1670-2690,126.6692842,33.53796949,0
153,금단영,연중무휴,00:00,23:59,1,0,N,파워큐브코리아,1833-8017,126.1936223,33.36192203,0
154,저지리사무소,연중무휴,00:00,23:59,0,2,N,한국전력,1899-2100,126.255848,33.33269856,0
155,상명EV충전소,연중무휴,00:00,23:59,0,3,N,상명엔지니어링,1670-2690,126.2313954,33.3376421,0
156,저지신토불이식당,연중무휴,00:00,23:59,2,0,N,제주전기자동차서비스,1670-2690,126.2556961,33.34247458,0
157,아파트먼트커피,연중무휴,00:00,23:59,2,0,N,파워큐브코리아,1833-8017,126.2445437,33.31137783,0
158,엠닷에이,연중무휴,00:00,23:59,2,0,N,파워큐브코리아,1833-8017,126.1992246,33.36494435,0
159,그리스박물관,연중무휴,00:00,23:59,0,1,N,보타리에너지,1670-2690,126.3575227,33.34808488,0
160,제주레포츠랜드,연중무휴,00:00,23:59,2,0,N,파워큐브코리아,1833-8017,126.6387282,33.48232418,0
161,제이디피모터스함덕점,연중무휴,00:00,23:59,1,0,N,제주전기자동차서비스,1670-2690,126.6570896,33.53651541,0
162,조천도서관,연중무휴,00:00,23:59,0,1,N,제주특별자치도,1899-8852,126.6676186,33.53770537,0
163,조천도서관,연중무휴,00:00,23:59,0,2,N,환경부(한국자동차환경협회),1661-9408,126.6676186,33.53770537,0
164,청우가든,연중무휴,00:00,23:59,2,0,N,파워큐브코리아,1833-8017,126.6259057,33.53074511,0
165,빅타이어조천점,연중무휴,00:00,23:59,1,0,N,파워큐브코리아,1833-8017,126.6432839,33.53528271,0
166,조천라오체,연중무휴,00:00,23:59,1,0,N,제주전기자동차서비스,1670-2690,126.6369941,33.52968177,0
167,푸른열매작은도서관,연중무휴,00:00,23:59,2,,N,제주전기자동차서비스,1670-2690,126.6318406,33.5345568,0
168,사랑샘교회,연중무휴,00:00,23:59,1,0,N,파워큐브코리아,1833-8017,126.6310514,33.52773841,0
169,함덕순복음교회,연중무휴,00:00,23:59,1,0,N,파워큐브코리아,1833-8017,126.6584419,33.54087204,0
170,함덕카페H,연중무휴,00:00,23:59,2,0,N,제주전기자동차서비스,1670-2690,126.6599676,33.52626322,0
171,함덕광명샤인빌,연중무휴,00:00,23:59,0,1,N,제주특별자치도,1899-8852,126.6770228,33.53801877,0
172,귤빛체험농원,연중무휴,00:00,23:59,2,0,N,파워큐브코리아,1833-8017,126.6738046,33.50392641,0
173,달스테이,연중무휴,00:00,23:59,0,1,N,보타리에너지,1670-2690,126.4078127,33.45689467,0
174,한솜카페,연중무휴,00:00,23:59,0,1,N,보타리에너지,1670-2690,126.4773866,33.47568654,1
175,뜨레모아3차,연중무휴,00:00,23:59,1,0,N,제주전기자동차서비스,1670-2690,126.4787908,33.47475841,0
176,민형파인즈,연중무휴,00:00,23:59,3,0,N,대영채비,1522-2573,126.4810183,33.47430614,0
177,농업회사법인제우스,연중무휴,00:00,23:59,1,,N,제주전기자동차서비스,1670-2690,126.5717487,33.45701393,0
178,엠제이벤처오름,연중무휴,00:00,23:59,3,0,N,테슬라,,126.5719587,33.4545623,0
179,제주산학융합원,연중무휴,00:00,23:59,0,3,N,한국전력,1899-2100,126.567553,33.447486,0
180,외도119센터,연중무휴,00:00,23:59,0,2,N,환경부(한국자동차환경협회),1661-9408,126.4375053,33.48663399,0
181,하귀문화의 집,연중무휴,00:00,23:59,0,1,N,제주특별자치도,1899-8852,126.4039843,33.48003276,0
182,에피소드,연중무휴,00:00,23:59,2,0,N,파워큐브코리아,1833-8017,126.1880922,33.30577808,0
183,청수마을회관,연중무휴,00:00,23:59,0,2,N,환경부(한국자동차환경협회),1661-9408,126.2475142,33.31808934,0
184,한원리노인복지관(한원리사무소),연중무휴,00:00,23:59,0,1,N,제주특별자치도,1899-8852,126.1959777,33.33851758,0
185,몽땅,연중무휴,00:00,23:59,1,0,N,파워큐브코리아,1833-8017,126.2580132,33.30584382,0
186,성김대건신부제주표착기념관,연중무휴,00:00,23:59,2,0,N,KT,1522-0123,126.1677309,33.32286381,0
187,무릉1리마을회,연중무휴,00:00,23:59,1,0,N,파워큐브코리아,1833-8017,126.2029889,33.2701387,0
188,영락리마을회,연중무휴,00:00,23:59,1,0,N,파워큐브코리아,1833-8017,126.2109754,33.25855534,0
189,부웅크리스탈빌3차,연중무휴,00:00,23:59,2,0,N,파워큐브코리아,1833-8017,126.530796,33.48368641,0
190,한국중부발전 제주화력본부사택,연중무휴,00:00,23:59,0,2,N,환경부(한국자동차환경협회),1661-9408,126.5919256,33.52714324,0
191,그루터기,연중무휴,00:00,23:59,0,1,N,제주특별자치도,1899-8852,126.6001401,33.53301956,1
192,투썸플레이스 제주노형DT점,연중무휴,00:00,23:59,0,1,N,제주전기자동차서비스,1670-2690,126.4740905,33.49130981,1
193,중앙로상점가(국민은행서측),연중무휴,00:00,23:59,0,2,N,환경부(한국자동차환경협회),1661-9408,126.5212534,33.5106719,0
194,모로왓제2공영주차장,연중무휴,00:00,23:59,3,7,Y,제주특별자치도,1899-8852,126.543795,33.51129125,1
195,기아오토큐 화북대리점,연중무휴,00:00,23:59,0,1,N,한국전기차충전서비스,1522-1782,126.5490401,33.51185501,0
196,CU제주대박점,연중무휴,00:00,23:59,0,1,N,에스트래픽,080-805-0010,126.4029714,33.48340343,1
197,대박이네마트,연중무휴,00:00,23:59,2,,N,에스트래픽,080-805-0010,126.4029714,33.48340343,0
198,제주교도소 민원인 주차장,연중무휴,00:00,23:59,0,1,N,제주특별자치도,1899-8852,126.514997,33.46278791,0
199,CU조천사거리점,연중무휴,00:00,23:59,0,1,N,에스트래픽,080-805-0010,126.6400787,33.53766806,0
200,조천리 새마을회,연중무휴,00:00,23:59,2,,N,에스트래픽,080-805-0010,126.63888,33.53698658,0
201,램하우스,연중무휴,00:00,23:59,2,0,N,파워큐브코리아,1833-8017,126.6731393,33.43692114,0
202,자연과사람들,연중무휴,00:00,23:59,0,1,N,보타리에너지,1670-2690,126.6610809,33.46047477,0
203,와흘을그리다,연중무휴,00:00,23:59,0,1,N,보타리에너지,1670-2690,126.6604226,33.46269452,0
204,서프라이즈테마파크(농업회사법인 우주),연중무휴,00:00,23:59,0,1,N,제주전기자동차서비스,1670-2690,126.6595953,33.46518789,0
205,에코촌 유스호스텔,연중무휴,00:00,23:59,0,1,N,제주특별자치도,1899-8852,126.703722,33.51690884,0
206,제주미니랜드,연중무휴,00:00,23:59,1,0,N,한국전기차충전서비스,1522-1782,126.6749129,33.43425343,0
207,다희연(농업회사법인경덕),연중무휴,00:00,23:59,0,1,N,보타리에너지,1670-2690,126.7061311,33.48690575,0
208,거문오름꿈의숲,연중무휴,00:00,23:59,2,0,N,파워큐브코리아,1833-8017,126.7021477,33.48630118,0
209,포레스트사파리,연중무휴,00:00,23:59,0,2,N,보타리에너지,1670-2690,126.7094861,33.46306444,0
210,선래왓절,연중무휴,00:00,23:59,0,1,N,보타리에너지,1670-2690,126.7086074,33.4581901,0
211,조천코아루,연중무휴,00:00,23:59,2,,N,제주전기자동차서비스,1670-2690,126.6223818,33.51720331,0
212,눈뫼가름협동조합,연중무휴,00:00,23:59,2,0,N,파워큐브코리아,1833-8017,126.6776373,33.48497761,0
213,농업회사법인주식회사블랙푸드,연중무휴,00:00,23:59,1,0,N,파워큐브코리아,1833-8017,126.6995958,33.48496065,0
214,아라행복주택,연중무휴,00:00,23:59,1,0,N,한국전기차충전서비스,1522-1782,126.5452184,33.49020641,0
215,태평양금호,연중무휴,00:00,23:59,1,0,N,파워큐브코리아,1833-8017,126.5478856,33.49211313,1
216,워시존연북로점,연중무휴,00:00,23:59,0,1,N,제주전기자동차서비스,1670-2690,126.5530166,33.49539912,0
217,다몰2차연립주택,연중무휴,00:00,23:59,2,0,N,제주전기자동차서비스,1670-2690,126.5120029,33.48416922,1
218,에코그린빌9차,연중무휴,00:00,23:59,2,0,N,제주전기자동차서비스,1670-2690,126.5059249,33.49420331,1
219,그린스페이스휴,연중무휴,00:00,23:59,3,0,N,파워큐브코리아,1833-8017,126.5533261,33.50469026,1
220,연동대림2차아파트,연중무휴,00:00,23:59,0,1,N,제주특별자치도,1899-8852,126.4877296,33.47975083,1
221,영평하동 마을회관,연중무휴,00:00,23:59,0,1,N,제주특별자치도,1899-8852,126.5738943,33.48630885,0
222,노형리츠하임 테라스파크,연중무휴,00:00,23:59,4,0,N,대영채비,1522-2573,126.4588939,33.4876236,1
223,대한적십자 제주혈액원,연중무휴,00:00,23:59,0,1,N,제주특별자치도,1899-8852,126.5202318,33.4911869,1
224,노형4차아뜨리에,연중무휴,00:00,23:59,2,0,N,제주전기자동차서비스,1670-2690,126.4623799,33.48557954,0
225,제주장애인스포츠센터,연중무휴,00:00,23:59,0,2,N,제주특별자치도,1899-8852,126.4347951,33.4866855,0
226,외도부영1차아파트,연중무휴,00:00,23:59,0,1,N,제주전기자동차서비스,1670-2690,126.4336125,33.48761522,0
227,제주시외도일동공영주차장,연중무휴,00:00,23:59,0,2,N,환경부(한국자동차환경협회),1661-9408,126.4265257,33.4857164,0
228,용담평화베스트빌1차,연중무휴,00:00,23:59,1,0,N,파워큐브코리아,1833-8017,126.515587,33.50831349,0
229,우도면 조일리사무소,연중무휴,00:00,23:59,0,1,N,제주특별자치도,1899-8852,126.9628939,33.50981036,0
230,대원상록수10차아파트,입주민외 이용불가,00:00,23:59,1,,N,에스트래픽,080-805-0010,126.4314168,33.48903328,1
231,성일교회,연중무휴,00:00,23:59,1,0,N,파워큐브코리아,1833-8017,126.4272498,33.48456385,0
232,노형휴스토리,연중무휴,00:00,23:59,1,0,N,한국전기차충전서비스,1522-1782,126.4619718,33.47848405,1
233,비어라운드,연중무휴,00:00,23:59,2,0,N,파워큐브코리아,1833-8017,126.8903284,33.51166074,0
234,비젠빌리지,연중무휴,00:00,23:59,2,0,N,테슬라,,126.8903284,33.51166074,0
235,종가전복,연중무휴,00:00,23:59,1,0,N,한국전기차충전서비스,1522-1782,126.8500018,33.53133106,0
236,엠제이리조트,연중무휴,00:00,23:59,2,0,N,대영채비,1522-2573,126.8800922,33.52920362,0
237,이야기별방,연중무휴,00:00,23:59,1,0,N,파워큐브코리아,1833-8017,126.9013347,33.50981991,0
238,구좌농공단지(제주이야기),연중무휴,00:00,23:59,0,1,N,제주특별자치도,1899-8852,126.8168542,33.55303299,0
239,금악리새마을회,연중무휴,00:00,23:59,0,1,N,제주특별자치도,1899-8852,126.296376,33.35872051,0
240,한국교통방송제주본부,연중무휴,00:00,23:59,0,2,N,제주특별자치도,1899-8852,126.5500097,33.47838415,1
241,제주갤럭시호텔,연중무휴,00:00,23:59,0,1,N,보타리에너지,1670-2690,126.5125636,33.50315896,1
242,신라스테이제주,연중무휴,00:00,23:59,5,0,N,테슬라,,126.4909667,33.4854983,0
243,메종글래드제주,연중무휴,00:00,23:59,2,0,N,제주전기자동차서비스,1670-2690,126.4883396,33.48506193,0
244,삼화석유 만남의광장주유소,연중무휴,00:00,23:59,0,4,N,SK에너지,,126.4572461,33.46752172,1
245,도로교통공단제주지부,연중무휴,00:00,23:59,0,2,N,한국전력,1899-2100,126.4647508,33.47517101,0
246,무수천주유소,연중무휴,00:00,23:59,0,3,N,GS칼텍스,,126.4519071,33.46324992,0
247,내도매일조아라아파트,연중무휴,00:00,23:59,1,0,N,한국전기차충전서비스,1522-1782,126.4455913,33.48545869,1
248,시민복지타운 공영무료주차장,연중무휴,00:00,23:59,0,2,N,제주특별자치도,1899-8852,126.5238013,33.4888744,0
249,제주전기렌트카 공항 인근주차장,연중무휴,00:00,23:59,0,2,N,제주전기자동차서비스,1670-2690,126.4784159,33.5019037,1
250,한라병원,연중무휴,00:00,23:59,0,1,N,제주특별자치도,1899-8852,126.4849217,33.49026618,0
251,롯데시티호텔,연중무휴,00:00,23:59,2,0,N,테슬라,,126.4865075,33.49067307,1
252,이호리조트,연중무휴,00:00,23:59,2,0,N,파워큐브코리아,1833-8017,126.4633537,33.49935645,1
253,다온빌,연중무휴,00:00,23:59,1,0,N,파워큐브코리아,1833-8017,126.4498201,33.4782612,0
254,제이디피모터스봉개점,연중무휴,00:00,23:59,1,,N,제주전기자동차서비스,1670-2690,126.604351,33.48492039,0
255,골체오름쉼터,연중무휴,00:00,23:59,0,2,N,보타리에너지,1670-2690,126.7059518,33.45463511,0
256,유드림마트,연중무휴,00:00,23:59,0,1,N,상명엔지니어링,1670-2690,126.5131902,33.49196726,0
257,소방교육대,연중무휴,00:00,23:59,1,0,N,제주특별자치도,1899-8852,126.5584959,33.44705344,0
258,삼성혈,연중무휴,00:00,23:59,0,2,N,한국전력,1899-2100,126.5291654,33.50425459,1
259,삼화석유 늘푸른자동차충전소,연중무휴,00:00,23:59,0,2,N,SK에너지,,126.5112821,33.50062225,0
260,세기자동차공업사,연중무휴,00:00,23:59,2,0,N,대영채비,1522-2573,126.5040771,33.50046379,0
261,표선 공영주차장(표선면사무소 옆),연중무휴,00:00,23:59,0,1,N,제주특별자치도,1899-8852,126.8315711,33.32648969,1
262,표선 공영주차장(표선면사무소 옆),연중무휴,00:00,23:59,0,1,N,환경부(한국자동차환경협회),1661-9408,126.8315711,33.32648969,1
263,세계술박물관,연중무휴,00:00,23:59,2,0,N,파워큐브코리아,1833-8017,126.8175945,33.35396955,0
264,하원마을회,연중무휴,00:00,23:59,2,0,N,파워큐브코리아,1833-8017,126.461133,33.25672816,0
265,꿈의교회,연중무휴,00:00,23:59,1,0,N,파워큐브코리아,1833-8017,126.6069048,33.26286451,0
266,뜨레모아5차아파트,연중무휴,00:00,23:59,2,0,N,파워큐브코리아,1833-8017,126.4816388,33.47490379,0
267,국제대학교,연중무휴,00:00,23:59,0,4,N,환경부(한국자동차환경협회),1661-9408,126.5698313,33.4427728,0
268,이도 주원라비앙,연중무휴,00:00,23:59,1,,N,에스트래픽,080-805-0010,126.536283,33.49908104,0
269,목마,연중무휴,00:00,23:59,1,0,N,파워큐브코리아,1833-8017,126.5595869,33.52308351,1
270,노형부영3차아파트,연중무휴,00:00,23:59,1,0,N,한국전기차충전서비스,1522-1782,126.4860572,33.47728075,0
271,뜨레모아7차,연중무휴,00:00,23:59,2,0,N,대영채비,1522-2573,126.4689769,33.47936175,0
272,이도교회,연중무휴,00:00,23:59,1,0,N,파워큐브코리아,1833-8017,126.5349639,33.4905903,1
273,김녕119지역센터,연중무휴,00:00,23:59,0,2,N,환경부(한국자동차환경협회),1661-9408,126.7626784,33.55417798,0
274,지엔에프주식회사,연중무휴,00:00,23:59,1,0,N,대영채비,1522-2573,126.7548629,33.55643116,0
275,제주어른이집,연중무휴,00:00,23:59,0,1,N,상명엔지니어링,1670-2690,126.744095,33.552491,0
276,김녕성당,연중무휴,00:00,23:59,2,0,N,파워큐브코리아,1833-8017,126.7487452,33.55382591,0
277,제주담,연중무휴,00:00,23:59,0,1,N,보타리에너지,1670-2690,126.7679756,33.45124681,0
278,놀놀,연중무휴,00:00,23:59,1,0,N,파워큐브코리아,1833-8017,126.8068664,33.49457256,0
279,구좌119센터,연중무휴,00:00,23:59,0,1,N,한국전력,1899-2100,126.8600917,33.52030729,0
280,샤이니,연중무휴,00:00,23:59,2,0,N,파워큐브코리아,1833-8017,126.7842803,33.47068245,0
281,뉴스보이버거펍제주,연중무휴,00:00,23:59,1,0,N,파워큐브코리아,1833-8017,126.7906412,33.55436907,0
282,제주스테이상상,연중무휴,00:00,23:59,2,0,N,파워큐브코리아,1833-8017,126.7956062,33.55493996,0
283,밭담공원,연중무휴,00:00,23:59,5,3,N,제주전기자동차서비스,1670-2690,126.7780584,33.5634668,0
284,CU김녕교차로점,연중무휴,00:00,23:59,0,1,N,보타리에너지,1670-2690,126.7437953,33.55120476,0
285,용암해수산업화지원센터2호관,연중무휴,00:00,23:59,0,2,N,환경부(한국자동차환경협회),1661-9408,126.8159486,33.54135778,0
286,삼화석유 한동주유소,연중무휴,00:00,23:59,0,2,N,SK에너지,,126.8219573,33.54092659,0
287,동녘도서관,연중무휴,00:00,23:59,0,2,N,환경부(한국자동차환경협회),1661-9408,126.8545673,33.52044879,0
288,대한예수교장로회송당교회,연중무휴,00:00,23:59,2,,N,제주전기자동차서비스,1670-2690,126.7805041,33.47158825,0
289,남원자동차공업사,연중무휴,00:00,23:59,2,0,N,파워큐브코리아,1833-8017,126.7235939,33.28400278,0
290,감귤연구소,연중무휴,00:00,23:59,2,0,N,제주전기자동차서비스,1670-2690,126.6118165,33.30155256,0
291,하례2리마을회,연중무휴,00:00,23:59,2,0,N,파워큐브코리아,1833-8017,126.6088596,33.29720467,0
292,펜션연리,연중무휴,00:00,23:59,2,0,N,파워큐브코리아,1833-8017,126.3859715,33.24048959,0
293,풀빌라더시크릿 대정점,연중무휴,00:00,23:59,0,5,N,상명엔지니어링,1670-2690,126.2071113,33.24628335,0
294,신도보건진료소(서부보건소),연중무휴,00:00,23:59,0,1,N,제주특별자치도,1899-8852,126.1742628,33.27748499,0
295,신도2리마을회,연중무휴,00:00,23:59,1,0,N,파워큐브코리아,1833-8017,126.1748541,33.27762235,0
296,두바퀴펜션,연중무휴,00:00,23:59,2,0,N,파워큐브코리아,1833-8017,126.1794311,33.27898341,0
297,동일1리 마을회,연중무휴,00:00,23:59,1,0,N,파워큐브코리아,1833-8017,126.2412435,33.22816111,0
298,무릉1리마을회(다목적),연중무휴,00:00,23:59,1,1,N,파워큐브코리아,1833-8017,126.200886,33.27099795,0
299,제주아로마모텔,연중무휴,00:00,23:59,2,0,N,파워큐브코리아,1833-8017,126.2663868,33.22541594,0
300,실버스타,연중무휴,00:00,23:59,1,0,N,파워큐브코리아,1833-8017,126.2569084,33.22282074,0
301,크리스마스,연중무휴,00:00,23:59,2,0,N,지엔텔,1544-4279,126.8995876,33.50907558,0
302,서귀포농협하나로마트,연중무휴,00:00,23:59,0,1,N,제주전기자동차서비스,1670-2690,126.5814224,33.25735353,0
303,시온교회,연중무휴,00:00,23:59,2,0,N,파워큐브코리아,1833-8017,126.5937309,33.29136049,0
304,선돌선덕사,연중무휴,00:00,23:59,2,0,N,파워큐브코리아,1833-8017,126.5936059,33.32016515,0
305,삼성여자고등학교,연중무휴,00:00,23:59,1,0,N,한국전기차충전서비스,1522-1782,126.584112,33.25504717,0
306,제주봄카페앤스테이,연중무휴,00:00,23:59,2,0,N,테슬라,,126.5872079,33.25026802,0
307,제이디피모터스남원점,연중무휴,00:00,23:59,1,,N,제주전기자동차서비스,1670-2690,126.7131931,33.28028252,1
308,남원119센터,연중무휴,00:00,23:59,0,1,N,환경부(한국자동차환경협회),1661-9408,126.7084316,33.28149406,0
309,제주티에스유스호스텔,연중무휴,00:00,23:59,2,0,N,파워큐브코리아,1833-8017,126.6970302,33.34389903,0
310,머체왓숲길영농조합,연중무휴,00:00,23:59,0,1,N,제주특별자치도,1899-8852,126.6738981,33.33052168,0
311,물영아리주차장,연중무휴,00:00,23:59,0,2,N,한국전력,1899-2100,126.6913667,33.3692339,0
312,휴애리,연중무휴,00:00,23:59,0,2,N,제주전기자동차서비스,1670-2690,126.6343826,33.30853467,0
313,예촌연수네가든,연중무휴,00:00,23:59,2,0,N,파워큐브코리아,1833-8017,126.6342195,33.29099936,0
314,위미2리 다목적회관,연중무휴,00:00,23:59,0,1,N,제주특별자치도,1899-8852,126.6614546,33.28311695,0
315,의귀교회 인근 공영주차장,연중무휴,00:00,23:59,0,2,N,제주특별자치도,1899-8852,126.711247,33.311718,0
316,제이디피모터스의귀점,연중무휴,00:00,23:59,1,0,N,제주전기자동차서비스,1670-2690,126.7052113,33.3248656,0
317,별빛하늘,연중무휴,00:00,23:59,2,0,N,파워큐브코리아,1833-8017,126.7015972,33.32267144,0
318,수망리다목적회관,연중무휴,00:00,23:59,0,1,N,제주특별자치도,1899-8852,126.7133138,33.32870746,0
319,위미2리사무소,연중무휴,00:00,23:59,0,1,N,제주특별자치도,1899-8852,126.6686031,33.2753894,0
320,위미3리사무소,연중무휴,00:00,23:59,0,1,N,제주특별자치도,1899-8852,126.687898,33.2755295,0
321,제주목화,연중무휴,00:00,23:59,2,0,N,파워큐브코리아,1833-8017,126.6994125,33.27578509,0
322,더풍성한교회,연중무휴,00:00,23:59,2,0,N,파워큐브코리아,1833-8017,126.5688951,33.26461032,0
323,삼화석유 서귀주유소,연중무휴,00:00,23:59,0,2,N,SK에너지,,126.5690994,33.24834563,0
324,허니문하우스,연중무휴,00:00,23:59,0,1,N,제주전기자동차서비스,1670-2690,126.5788672,33.24416306,1
325,서귀포KAL호텔,연중무휴,00:00,23:59,0,1,N,제주전기자동차서비스,1670-2690,126.5807935,33.24432465,0
326,제주브릭스,연중무휴,00:00,23:59,2,0,N,파워큐브코리아,1833-8017,126.5357771,33.2446192,1
327,서귀포흑돼지명가,연중무휴,00:00,23:59,2,0,N,파워큐브코리아,1833-8017,126.5363637,33.2440732,0
328,흑돈향,연중무휴,00:00,23:59,2,0,N,파워큐브코리아,1833-8017,126.5292484,33.24472089,0
329,서귀포시 일터나눔 자활센터,연중무휴,00:00,23:59,0,1,N,제주특별자치도,1899-8852,126.5294487,33.24177151,0
330,제이이피,연중무휴,00:00,23:59,0,1,N,보타리에너지,1670-2690,126.5354777,33.24279318,0
331,서귀포시 교통행정과(공영버스 차고지),연중무휴,00:00,23:59,0,1,N,환경부(한국자동차환경협회),1661-9408,126.5886735,33.284661,0
332,선지왓숯불갈비,연중무휴,00:00,23:59,2,0,N,파워큐브코리아,1833-8017,126.5920777,33.26270495,0
333,가나안교회,연중무휴,00:00,23:59,1,0,N,파워큐브코리아,1833-8017,126.7710125,33.41538276,0
334,블랙랜드레이스,연중무휴,00:00,23:59,2,0,N,파워큐브코리아,1833-8017,126.7943242,33.30625516,0
335,옛정의골식당,연중무휴,00:00,23:59,2,0,N,파워큐브코리아,1833-8017,126.804684,33.3890374,0
336,성읍녹차마을 영농조합법인,연중무휴,00:00,23:59,0,2,N,제주전기자동차서비스,1670-2690,126.7899612,33.3810755,0
337,가시리은하수가든,연중무휴,00:00,23:59,2,0,N,파워큐브코리아,1833-8017,126.7673354,33.36060083,0
338,가시리교회,연중무휴,00:00,23:59,1,0,N,파워큐브코리아,1833-8017,126.7717523,33.35117806,0
339,표선2차반석타운아파트,연중무휴,00:00,23:59,2,,N,제주전기자동차서비스,1670-2690,126.8282521,33.32114751,0
340,동광메밀짬뽕,연중무휴,00:00,23:59,0,1,N,보타리에너지,1670-2690,126.3497051,33.31065999,0
341,마마뜰카페,연중무휴,00:00,23:59,0,1,N,보타리에너지,1670-2690,126.3335672,33.3101922,0
342,피규어뮤지엄제주,연중무휴,00:00,23:59,0,1,N,한국전기차충전서비스,1522-1782,126.3553587,33.28190281,0
343,헬로키티아일랜드,연중무휴,00:00,23:59,0,2,N,한국전기차충전서비스,1522-1782,126.352082,33.29010127,0
344,주식회사 까사데비발디,연중무휴,00:00,23:59,2,0,N,파워큐브코리아,1833-8017,126.2905004,33.23416082,0
345,서부소방서 안덕 119센터,연중무휴,00:00,23:59,0,1,N,제주특별자치도,1899-8852,126.3308562,33.25120141,0
346,어썸,연중무휴,00:00,23:59,2,0,N,파워큐브코리아,1833-8017,126.4025967,33.25643548,0
347,스놉부티크스테이,연중무휴,00:00,23:59,0,1,N,보타리에너지,1670-2690,126.3695814,33.23327758,0
348,월드컵흑돼지,연중무휴,00:00,23:59,2,0,N,파워큐브코리아,1833-8017,126.5051366,33.24304042,0
349,월평마을회관(다목적건물),연중무휴,00:00,23:59,0,2,N,제주특별자치도,1899-8852,126.4607818,33.24611993,0
350,뜨레피아,연중무휴,00:00,23:59,2,0,N,파워큐브코리아,1833-8017,126.4590527,33.24949532,0
351,휴식호텔중문,연중무휴,00:00,23:59,2,0,N,파워큐브코리아,1833-8017,126.4304107,33.23887253,0
352,정혜재활원,연중무휴,00:00,23:59,0,1,N,제주특별자치도,1899-8852,126.5814767,33.28467665,0
353,코델리아S호텔,연중무휴,00:00,23:59,0,2,N,제주전기자동차서비스,1670-2690,126.9102771,33.45492608,1
354,중문관광단지충전소,연중무휴,00:00,23:59,0,2,N,GS칼텍스,,126.3979668,33.2630671,0
355,황토기와집,연중무휴,00:00,23:59,1,0,N,파워큐브코리아,1833-8017,126.3952433,33.26393747,0
356,중문미로파크,연중무휴,00:00,23:59,2,0,N,파워큐브코리아,1833-8017,126.3819347,33.26339597,0
357,씨에스호텔앤리조트,연중무휴,00:00,23:59,2,0,N,테슬라,,126.4202942,33.24291556,0
358,중문썬라이즈,연중무휴,00:00,23:59,1,0,N,대영채비,1522-2573,126.4304831,33.24756813,0
359,류차이,연중무휴,00:00,23:59,0,2,N,상명엔지니어링,1670-2690,126.4316758,33.2496401,0
360,서귀포개인택시조합,연중무휴,00:00,23:59,0,2,N,한국전력,1899-2100,126.5929608,33.26947007,0
361,서귀포샘물교회,연중무휴,00:00,23:59,2,0,N,파워큐브코리아,1833-8017,126.5639063,33.26467227,0
362,기아오토큐중부점,연중무휴,00:00,23:59,0,1,N,이지차저,,126.5364078,33.26254592,0
363,플레이롤러,연중무휴,00:00,23:59,0,2,N,상명엔지니어링,1670-2690,126.5252712,33.26189801,0
364,늘예솔,연중무휴,00:00,23:59,2,0,N,파워큐브코리아,1833-8017,126.8655403,33.36288467,0
365,고망난돌민박가든,연중무휴,00:00,23:59,1,0,N,파워큐브코리아,1833-8017,126.8579144,33.35321077,0
366,광치기흑돼지,연중무휴,00:00,23:59,2,0,N,파워큐브코리아,1833-8017,126.9215367,33.45003617,0
367,취다선리조트,연중무휴,00:00,23:59,1,,N,제주전기자동차서비스,1670-2690,126.9127039,33.47184922,0
368,국민건강보험공단서귀포지사,연중무휴,00:00,23:59,0,1,N,환경부(한국자동차환경협회),1661-9408,126.5074517,33.25496552,0
369,글래드호텔엔리조트(제주항공우주호텔),연중무휴,00:00,23:59,7,0,N,대영채비,1522-2573,126.2945819,33.30246481,0
370,대평횟집,연중무휴,00:00,23:59,0,1,N,보타리에너지,1670-2690,126.362001,33.23764966,0
371,세븐일레븐 서귀포덕수점,연중무휴,00:00,23:59,0,1,N,한국전기차충전서비스,1522-1782,126.3041888,33.25870435,0
372,페를로,연중무휴,00:00,23:59,2,0,N,제주전기자동차서비스,1670-2690,126.3061361,33.25673168,0
373,CU서귀동광로점,연중무휴,00:00,23:59,0,1,N,에스트래픽,080-805-0010,126.3457925,33.31808674,0
374,뽀로로테마파크,연중무휴,00:00,23:59,0,3,N,상명엔지니어링,1670-2690,126.3708122,33.30044342,0
375,산방산나들목,연중무휴,00:00,23:59,0,1,N,보타리에너지,1670-2690,126.3080654,33.23033232,0
376,바다스케치,연중무휴,00:00,23:59,1,0,N,파워큐브코리아,1833-8017,126.3097501,33.23493271,0
377,제주나르샤리조트,연중무휴,00:00,23:59,2,0,N,파워큐브코리아,1833-8017,126.2937855,33.23389821,0
378,연암재,연중무휴,00:00,23:59,1,0,N,파워큐브코리아,1833-8017,126.2962779,33.23507722,0
379,산방산탄산온천,연중무휴,00:00,23:59,0,2,N,제주전기자동차서비스,1670-2690,126.2987639,33.24890039,0
380,포도호텔,연중무휴,00:00,23:59,1,0,N,테슬라,,126.3928897,33.31431906,0
381,방주교회,연중무휴,00:00,23:59,0,2,N,한국전력,1899-2100,126.3877866,33.30512643,0
382,디아넥스호텔,연중무휴,00:00,23:59,1,0,N,테슬라,,126.3921116,33.3032687,0
383,오설록주차장,고객외 이용불가,00:00,23:59,10,,N,제주전기자동차서비스,1670-2690,126.2877723,33.2986963,0
384,제주다와풀빌라,연중무휴,00:00,23:59,0,1,N,보타리에너지,1670-2690,126.3680954,33.24238723,0
385,NIA글로벌센터,연중무휴,00:00,23:59,1,0,N,차지인,,126.5201615,33.25347884,0
386,올레타이어샵,연중무휴,00:00,23:59,1,0,N,파워큐브코리아,1833-8017,126.5519299,33.25939303,0
387,강정생명평화교회,연중무휴,00:00,23:59,0,2,N,한국전력,1899-2100,126.4955405,33.23768227,0
388,성산서부교회,연중무휴,00:00,23:59,1,0,N,파워큐브코리아,1833-8017,126.9086661,33.44856674,0
389,성산읍 노인복지회관,연중무휴,00:00,23:59,0,2,N,제주특별자치도,1899-8852,126.906558,33.44856157,0
390,제주자연생태공원주차장,연중무휴,00:00,23:59,0,1,N,제주특별자치도,1899-8852,126.8220508,33.44055655,0
391,제주참숯가마찜질방,연중무휴,00:00,23:59,0,1,N,제주전기자동차서비스,1670-2690,126.8633002,33.36899883,0
392,제주아띠다올,연중무휴,00:00,23:59,1,,N,제주전기자동차서비스,1670-2690,126.8512586,33.42587709,0
393,우리들국수,연중무휴,00:00,23:59,1,,N,제주전기자동차서비스,1670-2690,126.9224044,33.43702104,0
394,성산스튜디오,연중무휴,00:00,23:59,2,0,N,파워큐브코리아,1833-8017,126.9190852,33.44451312,0
395,성산썬라이즈호텔,연중무휴,00:00,23:59,2,0,N,대영채비,1522-2573,126.9310261,33.46235059,0
396,썬라이즈호텔섭지코지점,연중무휴,00:00,23:59,1,0,N,대영채비,1522-2573,126.9183054,33.43665415,0
397,온평리마을회(온평리사무소),연중무휴,00:00,23:59,2,1,N,파워큐브코리아,1833-8017,126.9001727,33.40812099,0
398,성산자동차공업사,연중무휴,00:00,23:59,2,,N,제주전기자동차서비스,1670-2690,126.9022381,33.4720614,0
399,성산점기아오토큐,연중무휴,00:00,23:59,1,0,N,파워큐브코리아,1833-8017,126.9092946,33.43573185,0
400,터닝포인트제주,연중무휴,00:00,23:59,1,0,N,대영채비,1522-2573,126.8726128,33.37300833,0
401,국립기상과학원,연중무휴,00:00,23:59,3,,N,제주전기자동차서비스,1670-2690,126.5178485,33.25881835,0
402,서귀동 공영주차장(서귀동 28-3),연중무휴,00:00,23:59,0,1,N,제주특별자치도,1899-8852,126.5644784,33.2428788,1
403,부면동정류장 뒤 마을시설,연중무휴,00:00,23:59,0,1,N,제주특별자치도,1899-8852,126.3325249,33.41639508,0
404,애월리에,연중무휴,00:00,23:59,1,0,N,파워큐브코리아,1833-8017,126.3781303,33.4737533,0
405,제주시간여행휴양펜션,연중무휴,00:00,23:59,1,0,N,파워큐브코리아,1833-8017,126.3761547,33.47200511,0
406,유수암주유소,연중무휴,00:00,23:59,0,1,N,보타리에너지,1670-2690,126.4107962,33.42734021,0
407,폴라리스,연중무휴,00:00,23:59,2,0,N,파워큐브코리아,1833-8017,126.4081252,33.43811418,0
408,제이디피모터스애월점,연중무휴,00:00,23:59,1,0,N,제주전기자동차서비스,1670-2690,126.3163442,33.46059657,0
409,덕우자동차공업사,연중무휴,00:00,23:59,1,0,N,파워큐브코리아,1833-8017,126.3353249,33.46146073,0
410,풀빌라더시크릿 애월점,연중무휴,00:00,23:59,0,4,N,상명엔지니어링,1670-2690,126.3393692,33.46262916,0
411,제주소년원,연중무휴,00:00,23:59,0,1,N,제주특별자치도,1899-8852,126.3852907,33.4097399,0
412,제일빌리지,연중무휴,00:00,23:59,2,0,N,파워큐브코리아,1833-8017,126.4450204,33.46227081,1
413,중엄리복지회관(새마을회),연중무휴,00:00,23:59,0,1,N,제주특별자치도,1899-8852,126.3725952,33.47270481,0
414,도치돌,연중무휴,00:00,23:59,0,1,N,보타리에너지,1670-2690,126.3397112,33.41976582,0
415,어사촌도야지,연중무휴,00:00,23:59,1,0,N,파워큐브코리아,1833-8017,126.3387652,33.41974997,0
416,경진자동차공업사,연중무휴,00:00,23:59,1,0,N,파워큐브코리아,1833-8017,126.432681,33.44495845,1
417,더럭초등학교 주차장,연중무휴,00:00,23:59,0,1,N,제주특별자치도,1899-8852,126.3429798,33.4527818,0
418,남건휴먼스파스텔빌리지,연중무휴,00:00,23:59,1,0,N,파워큐브코리아,1833-8017,126.4193457,33.46620676,0
419,제주교회,연중무휴,00:00,23:59,2,0,N,파워큐브코리아,1833-8017,126.3956001,33.48015805,0
420,하귀휴먼시아1단지아파트,연중무휴,00:00,23:59,0,1,N,제주특별자치도,1899-8852,126.4165948,33.48373878,0
421,바이더힐,연중무휴,00:00,23:59,2,0,N,파워큐브코리아,1833-8017,126.403566,33.44434218,0
422,민오름태흥누리안빌,연중무휴,00:00,23:59,2,0,N,파워큐브코리아,1833-8017,126.5098828,33.48004958,0
423,미라클호텔,연중무휴,00:00,23:59,2,,N,에스트래픽,080-805-0010,126.4812523,33.50941507,0
424,베니스타워,연중무휴,00:00,23:59,2,,N,에스트래픽,080-805-0010,126.4819658,33.50959116,0
425,신흥노을바다펜션,연중무휴,00:00,23:59,0,1,N,제주전기자동차서비스,1670-2690,126.4842395,33.51166348,1
426,그림리조트,연중무휴,00:00,23:59,1,0,N,파워큐브코리아,1833-8017,126.5034837,33.51618514,0
427,대어,연중무휴,00:00,23:59,1,0,N,파워큐브코리아,1833-8017,126.5030793,33.51612942,1
428,한국자동차공업사,연중무휴,00:00,23:59,1,0,N,제주전기자동차서비스,1670-2690,126.564133,33.5155154,0
429,쌍용자동차제주정비사업소,연중무휴,00:00,23:59,1,0,N,제주전기자동차서비스,1670-2690,126.564133,33.5155154,0
430,태산봉,연중무휴,00:00,23:59,1,,N,에스트래픽,080-805-0010,126.5303653,33.51164498,0
431,노형뜨란채아파트,연중무휴,00:00,23:59,0,2,N,제주특별자치도,1899-8852,126.473212,33.48711549,0
432,노형 e-편한세상아파트,연중무휴,00:00,23:59,0,1,N,제주특별자치도,1899-8852,126.4698536,33.48521143,0
433,정원파인즈16차,연중무휴,00:00,23:59,6,0,N,제주전기자동차서비스,1670-2690,126.5438835,33.48621646,0
434,제주연구원,연중무휴,00:00,23:59,0,1,N,제주특별자치도,1899-8852,126.5145823,33.46770901,0
435,온난화대응농업연구소,연중무휴,00:00,23:59,1,0,N,제주전기자동차서비스,1670-2690,126.5170202,33.46728216,0
436,하버빌,연중무휴,00:00,23:59,1,0,N,제주전기자동차서비스,1670-2690,126.5278887,33.47536266,0
437,코즈게스트하우스,연중무휴,00:00,23:59,1,,N,에스트래픽,080-805-0010,126.3385513,33.30428986,0
438,레몬트리,연중무휴,00:00,23:59,2,0,N,파워큐브코리아,1833-8017,126.3949929,33.48393093,0
439,스마일공업사,연중무휴,00:00,23:59,1,0,N,파워큐브코리아,1833-8017,126.3447456,33.46517493,0
440,애월포세이돈,연중무휴,00:00,23:59,0,2,N,상명엔지니어링,1670-2690,126.3488168,33.46910205,1
441,고성2리 경로당,연중무휴,00:00,23:59,0,1,N,제주특별자치도,1899-8852,126.4252445,33.43562695,0
442,제주전기렌트카 광령주차장,연중무휴,00:00,23:59,0,1,N,제주전기자동차서비스,1670-2690,126.434255,33.463862,0
443,광령자동차공업사,연중무휴,00:00,23:59,1,0,N,파워큐브코리아,1833-8017,126.4342218,33.44419372,0
444,광명식당,연중무휴,00:00,23:59,1,0,N,파워큐브코리아,1833-8017,126.4391203,33.46109021,0
445,납읍리보건소(남읍리사무소),연중무휴,00:00,23:59,0,1,N,제주특별자치도,1899-8852,126.3301257,33.43872717,0
446,제주전파관리소,연중무휴,00:00,23:59,0,1,N,제주특별자치도,1899-8852,126.372641,33.40477911,0
447,고스트하우스,연중무휴,00:00,23:59,1,0,N,파워큐브코리아,1833-8017,126.3567705,33.4758658,0
448,파란노을제주애월,연중무휴,00:00,23:59,1,0,N,파워큐브코리아,1833-8017,126.3122701,33.46217525,0
449,씨앤힐스파펜션,연중무휴,00:00,23:59,1,0,N,파워큐브코리아,1833-8017,126.3524586,33.47296549,0
450,빌라드애월,연중무휴,00:00,23:59,3,0,N,테슬라,,126.3600019,33.47767128,0
451,남원생활체육관,연중무휴,00:00,23:59,0,1,N,제주특별자치도,1899-8852,126.705244,33.27810723,0
452,남원생활체육관,연중무휴,00:00,23:59,0,2,N,한국전력,1899-2100,126.705244,33.27810723,0
453,태흥1리마을회,연중무휴,00:00,23:59,1,0,N,지엔텔,1544-4279,126.733118,33.2834217,0
454,마더카페,연중무휴,00:00,23:59,2,0,N,제주전기자동차서비스,1670-2690,126.7415575,33.28130762,0
455,CU 서귀태흥점,연중무휴,00:00,23:59,0,1,N,클린일렉스,1811-1350,126.7575155,33.2929303,0
456,대한예수교장로회태흥교회,고객외 이용불가,00:00,23:59,1,0,N,KT,1522-0123,126.7446837,33.290735,0
457,하례1리마을회,연중무휴,00:00,23:59,1,0,N,지엔텔,1544-4279,126.6253505,33.2691981,0
458,의귀리마을회,연중무휴,00:00,23:59,2,0,N,지엔텔,1544-4279,126.7133052,33.31033951,0
459,농업회사법인가뫼불,연중무휴,00:00,23:59,2,0,N,지엔텔,1544-4279,126.693455,33.2899733,0
460,가파도 마을회관,연중무휴,00:00,23:59,1,0,N,제주특별자치도,1899-8852,126.2735293,33.1664333,0
461,상남아크로타워,연중무휴,00:00,23:59,0,9,N,상명엔지니어링,1670-2690,126.2782605,33.28070729,0
462,세인트존스베리아카데미 제주(St. Johnsbury Academy Jeju),고객외 이용불가,00:00,23:59,10,0,N,KT,1522-0123,126.2843115,33.2852936,0
463,제이라움,연중무휴,00:00,23:59,2,0,N,대영채비,1522-2573,126.1904548,33.2564363,0
464,신도1리마을회,연중무휴,00:00,23:59,2,0,N,KT,1522-0123,126.1917502,33.278433,0
465,대정문화체육센터,연중무휴,00:00,23:59,0,3,N,환경부(한국자동차환경협회),1661-9408,126.2355124,33.26392712,0
466,제이앤클로이,연중무휴,00:00,23:59,2,0,N,대영채비,1522-2573,126.1889147,33.25726656,0
467,송악산 공영주차장,연중무휴,00:00,23:59,0,2,N,제주특별자치도,1899-8852,126.2867586,33.2059597,0
468,상모1리마을회,연중무휴,00:00,23:59,2,0,N,지엔텔,1544-4279,126.2694199,33.22637183,0
469,서림교회,연중무휴,00:00,23:59,2,0,N,파워큐브코리아,1833-8017,126.2255605,33.24622627,0
470,무릉문화의집,연중무휴,00:00,23:59,1,0,N,제주특별자치도,1899-8852,126.1989574,33.2734542,0
471,무릉문화의집,연중무휴,00:00,23:59,0,1,N,환경부(한국자동차환경협회),1661-9408,126.1989574,33.2734542,0
472,마라도 가는 여객선,연중무휴,00:00,23:59,0,1,N,한국전력,1899-2100,126.2905823,33.20739732,0
473,서귀포시서부종합사회복지관,연중무휴,00:00,23:59,0,2,N,제주특별자치도,1899-8852,126.2478797,33.22390252,0
474,대한예수교장로회모슬포제일교회,연중무휴,00:00,23:59,1,0,N,지엔텔,1544-4279,126.2498633,33.22125293,0
475,대정농협 하나로마트,연중무휴,00:00,23:59,0,3,N,제주전기자동차서비스,1670-2690,126.2641991,33.23404408,0
476,대정농공단지,연중무휴,00:00,23:59,0,1,N,제주특별자치도,1899-8852,126.2278396,33.25676783,0
477,보성리사무소,연중무휴,00:00,23:59,0,2,N,제주특별자치도,1899-8852,126.2731037,33.25116938,1
478,서귀포향토오일장,연중무휴,00:00,23:59,0,2,N,한국전력,1899-2100,126.5736531,33.26698899,0
479,서귀포시 중앙교회,연중무휴,00:00,23:59,0,2,N,제주특별자치도,1899-8852,126.5688708,33.27306029,0
480,아시아CGI애니메이션센터,연중무휴,00:00,23:59,0,2,N,환경부(한국자동차환경협회),1661-9408,126.5673616,33.2525989,0
481,빅타이어서귀포점,연중무휴,00:00,23:59,2,0,N,파워큐브코리아,1833-8017,126.5723541,33.25779874,1
482,강정크루즈터미널,연중무휴,00:00,23:59,0,2,N,환경부(한국자동차환경협회),1661-9408,126.4784679,33.22903918,0
483,루체클래식아파트,연중무휴,00:00,23:59,2,,N,제주전기자동차서비스,1670-2690,126.5104442,33.23868673,1
484,호텔아루미,연중무휴,00:00,23:59,2,0,N,대영채비,1522-2573,126.4139621,33.25857411,0
485,위미농협,연중무휴,00:00,23:59,1,1,N,한국전기차충전서비스,1522-1782,126.6608179,33.2745832,0
486,비전교회,연중무휴,00:00,23:59,2,0,N,파워큐브코리아,1833-8017,126.5208178,33.50748995,0
487,김경희부동산,연중무휴,00:00,23:59,2,0,N,파워큐브코리아,1833-8017,126.5052576,33.49952003,0
488,제주특별자치도개발공사 임시사무연구동,충전기 운영 휴무일 없음,00:00,24:00,2,0,N,제주특별자치도개발공사,064-780-3383,126.5714509,33.44233843,0
489,구억리마을회,연중무휴,00:00,23:59,1,0,N,KT,1522-0123,126.2791538,33.2728481,0
490,영농조합법인 서귀포 한라,고객외 이용불가,00:00,23:59,2,0,N,한국전기차충전서비스,1522-1782,126.5990713,33.30018851,0
491,제스코마트 서귀포점,연중무휴,00:00,23:59,0,2,N,환경부(한국자동차환경협회),1661-9408,126.595773,33.26291899,0
492,오아시스휴양펜션,연중무휴,00:00,23:59,2,0,N,지엔텔,1544-4279,126.5992505,33.26663774,0
493,중문관광단지,연중무휴,00:00,23:59,0,5,N,환경부(한국자동차환경협회),1661-9408,126.4111118,33.2814107,0
494,중문리조트,고객외 이용불가,00:00,23:59,1,0,N,제주전기자동차서비스,1670-2690,126.4156439,33.262578,0
495,호텔더본제주,연중무휴,00:00,23:59,4,0,N,KT,1522-0123,126.4064992,33.2595341,0
496,중앙공영주차장,연중무휴,00:00,23:59,0,2,Y,제주특별자치도,1899-8852,126.5599672,33.2499207,0
497,중앙공영주차장,연중무휴,00:00,23:59,0,3,Y,환경부(한국자동차환경협회),1661-9408,126.5599672,33.2499207,0
498,천지공영주차장,연중무휴,00:00,23:59,1,1,N,한국전기차충전서비스,1522-1782,126.5594295,33.2515976,0
499,아랑조을거리 공영주차장,연중무휴,00:00,23:59,0,1,N,환경부(한국자동차환경협회),1661-9408,126.5603076,33.2477823,0
500,신평리마을회,고객외 이용불가,00:00,23:59,1,0,N,KT,1522-0123,126.2591074,33.2653436,0
