ds,yhat,yhat_lower,yhat_upper
2021-06-01 00:00:00,487513.2772760974,384511.2794232301,601534.8521247677
2021-06-01 01:00:00,521994.80218401557,413025.3034536751,632678.6647430165
2021-06-01 02:00:00,547535.3416393956,433818.6788566242,665715.6367754837
2021-06-01 03:00:00,565729.9581467409,461446.6225303505,679015.9027164583
2021-06-01 04:00:00,577513.3590881928,470520.1917395335,685726.0926458853
2021-06-01 05:00:00,582060.5277138897,474866.7030806157,685821.7226799568
2021-06-01 06:00:00,578679.5222406788,470211.11596229457,686542.5788221126
2021-06-01 07:00:00,569657.9155230823,459251.13902464684,672224.305426108
2021-06-01 08:00:00,560962.4340683997,448944.1660974734,676464.5471650977
2021-06-01 09:00:00,559470.1225621587,452013.8258008474,674010.8991104185
2021-06-01 10:00:00,568462.6932348346,447577.6577388226,671342.430066384
2021-06-01 11:00:00,584748.1009024526,478128.3750948306,693626.1540274796
2021-06-01 12:00:00,599612.6162622401,491446.958501663,709719.2654464449
2021-06-01 13:00:00,602967.5296608823,493972.2654216155,715920.2220923444
2021-06-01 14:00:00,587987.1870962658,482656.6184145535,696054.7053260495
2021-06-01 15:00:00,553748.3126051631,438525.79509808647,663588.9191962886
2021-06-01 16:00:00,505230.626907153,391885.09517849993,610046.8996888284
2021-06-01 17:00:00,451627.64528202807,341513.4301374479,555474.4686569482
2021-06-01 18:00:00,404052.7798919824,293825.04956299794,511919.94341567263
2021-06-01 19:00:00,372940.6061298462,262804.0949124188,476393.3823563934
2021-06-01 20:00:00,365132.9031872599,273074.6506172939,467835.1896511677
2021-06-01 21:00:00,381366.18536591175,268778.5421807837,486010.4800096786
2021-06-01 22:00:00,415690.3871352431,307416.8763125198,535315.7648359643
2021-06-01 23:00:00,457862.2108200439,354490.88265485014,564808.5711763687
2021-06-02 00:00:00,497828.46276323014,390861.4290206931,615207.9975564147
2021-06-02 01:00:00,529678.4830393381,417210.87850716774,644537.7258280027
2021-06-02 02:00:00,552465.2170409226,439577.20799601916,651416.4298349965
2021-06-02 03:00:00,567812.9675623311,460729.57190295175,670053.2281398262
2021-06-02 04:00:00,576685.9270529015,463074.50467665883,680872.9518440017
2021-06-02 05:00:00,578288.454170321,465485.22129235166,691429.3155470582
2021-06-02 06:00:00,571957.5264620553,460592.4495441444,686113.0044983274
2021-06-02 07:00:00,560008.8458986636,456996.85168247187,665120.6810365891
2021-06-02 08:00:00,548436.1600926764,437948.5943005258,662275.9179936149
2021-06-02 09:00:00,544142.1291803038,433763.2752888254,656247.8759967122
2021-06-02 10:00:00,550432.401219072,437538.09328656836,660546.4968060348
2021-06-02 11:00:00,564136.9401281246,449086.4940685186,664554.7056062693
2021-06-02 12:00:00,576561.8815640843,467575.38483124005,681541.7720951274
2021-06-02 13:00:00,577636.0513778591,467249.1537079592,682814.0620240181
2021-06-02 14:00:00,560548.8503624003,449733.41524762084,663875.2004940533
2021-06-02 15:00:00,524389.4609956349,416787.59457216226,638938.7044786592
2021-06-02 16:00:00,474147.38706614287,368496.32925442344,589904.7949078917
2021-06-02 17:00:00,419023.20973754453,306606.42478234175,529889.836385688
2021-06-02 18:00:00,370134.68532134255,260918.07131366702,478719.61109167215
2021-06-02 19:00:00,337918.04392692336,231316.2757366361,443984.027575076
2021-06-02 20:00:00,329214.0982804265,220375.66024655232,439147.86780016014
2021-06-02 21:00:00,344755.8778693714,229564.71231866736,461029.3700792361
2021-06-02 22:00:00,378587.4496073447,266667.06005851185,494352.61409268825
2021-06-02 23:00:00,420429.2671014752,314028.3282560847,536892.4994449621
2021-06-03 00:00:00,460255.88202915114,353154.2464349528,573372.5502358553
2021-06-03 01:00:00,492135.0368270462,381630.75179139257,610140.8864990892
2021-06-03 02:00:00,515106.20380373584,412094.8926660573,623439.7273739036
2021-06-03 03:00:00,530778.9085506337,418682.6509709231,644298.198307347
2021-06-03 04:00:00,540101.5352671063,432654.4595721803,649076.1728876195
2021-06-03 05:00:00,542261.886749043,430774.0386868498,648221.3134109115
2021-06-03 06:00:00,536579.926804869,432935.85737885535,648725.20881648
2021-06-03 07:00:00,525354.1776991993,402179.7009951748,638954.3256944672
2021-06-03 08:00:00,514561.3313037054,406274.03960612474,624452.4747824202
2021-06-03 09:00:00,511087.3998457366,399705.97064753936,629953.8985489622
2021-06-03 10:00:00,518222.06511493376,409196.9629825001,626860.3716571088
2021-06-03 11:00:00,532780.2663039003,421386.04272981454,638592.7723833754
2021-06-03 12:00:00,546054.2982440752,432672.8097702083,658423.9959174476
2021-06-03 13:00:00,547960.5512782529,442858.1677028181,657149.0541296824
2021-06-03 14:00:00,531677.5934101987,420437.54852462903,641324.8649298871
2021-06-03 15:00:00,496285.5476469709,390920.1909162846,601438.4800985566
2021-06-03 16:00:00,446766.7730665202,336565.2643177833,550130.949517335
2021-06-03 17:00:00,392316.7311545379,280091.179931712,500086.08828134893
2021-06-03 18:00:00,344050.1611676761,233692.4339700145,451949.0047259199
2021-06-03 19:00:00,312402.4225231807,200160.57232224868,422384.9758991437
2021-06-03 20:00:00,304215.61296392756,189309.40827883003,424202.1457004252
2021-06-03 21:00:00,320226.1774069072,209693.80231941497,427627.69264357915
2021-06-03 22:00:00,354457.4128184322,246722.4365351271,471397.65663223434
2021-06-03 23:00:00,396691.65766936704,280213.932813336,498184.076756847
2021-06-04 00:00:00,436884.6154312153,323254.05463617167,548752.223920343
2021-06-04 01:00:00,469115.0414073734,358938.6303030086,583685.8254604605
2021-06-04 02:00:00,492434.93287833285,382105.7906006381,603219.8527572313
2021-06-04 03:00:00,508467.64218837745,401714.62461452215,616716.5238501538
2021-06-04 04:00:00,518176.4487223938,407520.88898543676,623271.374820495
2021-06-04 05:00:00,520764.8656689177,409089.7207523867,632101.0443540699
2021-06-04 06:00:00,515569.11286217725,404844.4088128115,628116.3074876171
2021-06-04 07:00:00,504904.23201062967,390156.6643882119,617623.631484545
2021-06-04 08:00:00,494763.4069300766,385515.1317991036,600323.2561841916
2021-06-04 09:00:00,492048.81872366136,383782.6834329257,596456.6901382788
2021-06-04 10:00:00,500065.69891119684,394386.3967335961,605941.2049585017
2021-06-04 11:00:00,515643.6248727216,404671.2250912101,622413.480616837
2021-06-04 12:00:00,530088.3335156237,420803.4003533219,636251.318559
2021-06-04 13:00:00,533328.1884877558,431784.7230665491,643738.8119837954
2021-06-04 14:00:00,518552.00551640854,412155.5545374635,625274.7730275894
2021-06-04 15:00:00,484848.1925589172,383178.6437719942,598803.6820741136
2021-06-04 16:00:00,437205.2168129677,329388.94796918856,543057.1574087188
2021-06-04 17:00:00,384822.2833892796,274767.50465006504,485358.5456494028
2021-06-04 18:00:00,338815.352292869,227492.28102739723,445641.32438480994
2021-06-04 19:00:00,309618.354326622,209930.44857169923,415402.4320202895
2021-06-04 20:00:00,304069.2167289484,200010.10581420665,416720.88705784397
2021-06-04 21:00:00,322875.03470759117,212142.19499983243,428667.2410425529
2021-06-04 22:00:00,360097.9545609184,257279.21420160477,475923.09930744395
2021-06-04 23:00:00,405481.47047766583,294654.04576281155,499514.8043184128
2021-06-05 00:00:00,448965.9536459352,346209.7568781338,557180.5622233284
2021-06-05 01:00:00,484612.17678910703,375959.25195607456,588095.598999258
2021-06-05 02:00:00,511451.63554863055,406552.32773892005,624938.6016921607
2021-06-05 03:00:00,531084.8288659885,422343.9313263631,639423.4273842365
2021-06-05 04:00:00,544450.0326373257,431480.105099369,643069.7838238413
2021-06-05 05:00:00,550723.8404507254,443438.90965092723,665118.3393108089
2021-06-05 06:00:00,549213.9001650461,440377.99310239375,662974.0445341304
2021-06-05 07:00:00,542205.3196738735,429448.9553915572,649535.8154236479
2021-06-05 08:00:00,535660.3011748991,428314.3555626255,643956.5027475079
2021-06-05 09:00:00,536449.3302335477,432534.2747125474,641720.8038854632
2021-06-05 10:00:00,547845.5787115368,429544.27278564346,666868.1180051188
2021-06-05 11:00:00,566646.5617819973,458430.65681091475,679211.3712669037
2021-06-05 12:00:00,584126.320551733,470471.33083744324,687809.8321854601
2021-06-05 13:00:00,590182.2611637559,480093.42227695725,700241.6408622813
2021-06-05 14:00:00,577973.3503782776,471037.44585670135,682598.7551579244
2021-06-05 15:00:00,546559.6197418586,432052.2718501367,656316.4625414592
2021-06-05 16:00:00,500902.9858500529,396168.2720681431,613833.898859127
2021-06-05 17:00:00,450178.2670529717,349143.57368226245,563798.7049404196
2021-06-05 18:00:00,405479.5189565853,299819.0263330749,522310.3549142784
2021-06-05 19:00:00,377221.5452301281,267296.4410627512,497182.1195194334
2021-06-05 20:00:00,372209.69469953206,259089.03120065294,479401.20933063404
2021-06-05 21:00:00,391177.1380899867,279649.22411809664,496991.1690533928
2021-06-05 22:00:00,428154.32327576017,327370.22977875586,533481.5210039862
2021-06-05 23:00:00,472879.07556890644,368326.43630014634,582030.8141910075
2021-06-06 00:00:00,515289.87216313055,402078.2297850767,623349.0609647316
2021-06-06 01:00:00,549449.4514880548,432793.60262392496,651921.5765051018
2021-06-06 02:00:00,574395.1767782104,467016.4780385679,685475.8819695237
2021-06-06 03:00:00,591737.3151067002,479098.2615134168,702941.1403874996
2021-06-06 04:00:00,602427.7657393039,492832.9903898263,716705.2391516232
2021-06-06 05:00:00,605660.5118030176,497309.13725695637,709344.0344072684
2021-06-06 06:00:00,600764.2246406286,489152.17977824394,711602.380033098
2021-06-06 07:00:00,590048.4954109812,480668.5979132648,698952.3724099527
2021-06-06 08:00:00,579503.2549312443,473678.87392748345,690923.4515912337
2021-06-06 09:00:00,576029.7102411033,463251.6976938688,686204.167508698
2021-06-06 10:00:00,582934.4596130542,473203.8457614992,701060.3606299197
2021-06-06 11:00:00,597050.8292909571,473972.1469209728,702220.2106267231
2021-06-06 12:00:00,609690.7069989572,501916.56999374006,717524.9478770507
2021-06-06 13:00:00,610791.006899245,503196.63433251693,723742.3533634689
2021-06-06 14:00:00,593551.4701812048,485804.38847328775,698105.0815437891
2021-06-06 15:00:00,557073.7577995809,443485.0329780378,665643.3398386206
2021-06-06 16:00:00,506361.84748836147,390583.0032453407,620160.6964121984
2021-06-06 17:00:00,450632.620225721,342361.21030603535,561548.7075799976
2021-06-06 18:00:00,401021.76335364976,289524.4877439413,508164.36882886576
2021-06-06 19:00:00,367978.56922549667,253025.90847747427,468927.01269501226
2021-06-06 20:00:00,358370.6542481352,242821.84019474962,468651.34709944844
2021-06-06 21:00:00,372952.4902127723,263887.3552309854,484353.749154902
2021-06-06 22:00:00,405790.23848533724,289922.1117285289,515729.08552984986
2021-06-06 23:00:00,446654.983784645,330074.23234891496,560652.5131533996
2021-06-07 00:00:00,485515.6642916857,377979.113325741,594128.8361927585
2021-06-07 01:00:00,516462.36663729645,409401.7882064398,626577.1252727883
2021-06-07 02:00:00,538556.4086775717,429005.81592197396,650810.1379795003
2021-06-07 03:00:00,553428.3745360792,439290.1367252884,670523.5923443524
2021-06-07 04:00:00,562046.638570604,447210.7115777791,674757.9893011808
2021-06-07 05:00:00,563617.6545792493,451644.11657142325,669701.6863333429
2021-06-07 06:00:00,557478.4414689904,454417.8402391853,664294.1460999474
2021-06-07 07:00:00,545942.7412843294,433937.52350249933,656232.8816467718
2021-06-07 08:00:00,535000.4113807023,415415.04145246494,639480.3916628911
2021-06-07 09:00:00,531548.3794997553,420913.38766511774,647135.6117773019
2021-06-07 10:00:00,538884.8231896986,423095.6481348828,646719.3688847364
2021-06-07 11:00:00,553830.6160478055,448778.11260181747,666607.1171189328
2021-06-07 12:00:00,567681.314477734,450033.94313849544,678567.0160069813
2021-06-07 13:00:00,570353.8177986273,460978.43398930645,687512.4193011932
2021-06-07 14:00:00,555024.4035477117,443921.17524287757,674218.9933569502
2021-06-07 15:00:00,520768.0916961093,413592.5518790212,630182.008375545
2021-06-07 16:00:00,472559.3467026037,361508.9952423978,575472.0172679774
2021-06-07 17:00:00,419582.9989343712,318054.5951876749,540505.3001188324
2021-06-07 18:00:00,372940.5087176213,260863.68321937826,483685.64108872536
2021-06-07 19:00:00,343051.4303556712,232633.12699496976,457386.4289391238
2021-06-07 20:00:00,336739.6832566087,229755.00227173773,446317.9047141468
2021-06-07 21:00:00,354721.3437708139,244744.18488972483,464542.7819950528
2021-06-07 22:00:00,391023.6170967755,278812.72877244366,499615.58142668626
2021-06-07 23:00:00,435378.4943524181,326104.95052593376,544025.6032733113
2021-06-08 00:00:00,477716.104006021,364113.6768192128,586352.8801969175
2021-06-08 01:00:00,512088.4214151628,396778.5242421423,622959.090030507
2021-06-08 02:00:00,537519.7545607717,425632.75573950657,651977.8934037175
2021-06-08 03:00:00,555605.1659580587,445095.8875504184,669296.7513514275
2021-06-08 04:00:00,567279.3629983079,457739.4250862622,683101.4316023878
2021-06-08 05:00:00,571717.3289413479,470390.8736601464,685744.4114594356
2021-06-08 06:00:00,568227.1220135402,450976.4660796619,679428.8260489282
2021-06-08 07:00:00,559096.3150805024,453168.08594776114,668101.6968913679
2021-06-08 08:00:00,550291.6346568926,443196.34534389677,656621.0638201898
2021-06-08 09:00:00,548690.125439959,433178.76056462806,658908.1872981427
2021-06-08 10:00:00,557573.4996693312,450378.15771419846,666509.5937644939
2021-06-08 11:00:00,573749.7121706945,465664.4667738418,687366.2327683204
2021-06-08 12:00:00,588505.0336509312,475257.04093235265,697100.971633378
2021-06-08 13:00:00,591750.7544659085,479647.4566321844,704032.5731091942
2021-06-08 14:00:00,576661.2206246407,473307.85424192034,686557.5728105728
2021-06-08 15:00:00,542313.1561726723,433222.0706710871,662781.6613752936
2021-06-08 16:00:00,493686.28183940717,389621.45405880536,598221.1705390541
2021-06-08 17:00:00,439974.1129303142,320569.5285466279,554045.3956613102
2021-06-08 18:00:00,392290.06160161115,278948.1549707081,499859.9217197529
2021-06-08 19:00:00,361068.7032557863,247808.4176872356,461508.2569271332
2021-06-08 20:00:00,353151.81709366094,244498.19935000114,468840.0584752219
2021-06-08 21:00:00,369275.91742754297,257160.25966334247,478230.0694608889
2021-06-08 22:00:00,403490.9387365139,294551.57028720464,514145.59644056996
2021-06-08 23:00:00,445553.5833541808,341762.8709199043,556154.2734660398
2021-06-09 00:00:00,485420.3450572527,369893.9657951959,593619.6211318565
2021-06-09 01:00:00,517170.87650543574,407938.9473558838,625209.9243610614
2021-06-09 02:00:00,539858.123101282,431219.82859341626,650045.4020376891
2021-06-09 03:00:00,555106.3876478462,442978.8466359447,661578.5960324389
2021-06-09 04:00:00,563879.8626049766,445868.80936124845,671371.7837003549
2021-06-09 05:00:00,565382.9066406589,461572.96702614345,676529.3717858198
2021-06-09 06:00:00,558952.497310838,447704.4071758128,670936.194747516
2021-06-09 07:00:00,546904.3365963376,440672.3637171935,670226.1175634431
2021-06-09 08:00:00,535232.1721195442,431180.7613622303,645227.5518987549
2021-06-09 09:00:00,530838.6640263024,422660.38914575055,635050.3613068429
2021-06-09 10:00:00,537029.46038413,427360.5040167226,649214.1086699889
2021-06-09 11:00:00,550634.5251211164,437802.7853049742,663903.4325525309
2021-06-09 12:00:00,562959.9939040786,448613.5810759562,676138.7867579615
2021-06-09 13:00:00,563934.6925938034,446657.4391272926,669666.7920874185
2021-06-09 14:00:00,546748.0219925349,430977.2349597525,649035.9446301686
2021-06-09 15:00:00,510489.16458817467,407764.11091792595,618454.2257556537
2021-06-09 16:00:00,460147.62418150454,348580.4742975667,564244.7195786155
2021-06-09 17:00:00,404923.98193864286,299152.846408929,517948.90746644314
2021-06-09 18:00:00,355935.9941874761,250366.0728854123,474342.6384649729
2021-06-09 19:00:00,323619.89104540227,218480.13184049947,428451.5967804972
2021-06-09 20:00:00,314816.485248183,203487.047884656,416281.9975591283
2021-06-09 21:00:00,330258.8062928142,217711.7069820232,429743.7507220703
2021-06-09 22:00:00,363990.92110257706,248291.98948089624,475498.6906477391
2021-06-09 23:00:00,405761.44785901054,295136.1015931373,511308.881648078
2021-06-10 00:00:00,445516.7736532608,339725.5071208196,552395.9804311233
2021-06-10 01:00:00,477324.6409309686,366796.29890793684,594350.9831322957
2021-06-10 02:00:00,500224.522010188,390950.7795870951,608214.0633501156
2021-06-10 03:00:00,515825.9424921057,406867.2934672325,633193.135079773
2021-06-10 04:00:00,525077.2865851228,419874.9662141068,645048.3513524798
2021-06-10 05:00:00,527166.357094304,412167.80393043684,645209.8569001473
2021-06-10 06:00:00,521413.1178377092,411145.9203331607,627314.01077335
2021-06-10 07:00:00,510116.09108941996,389198.63177242735,618165.4029207722
2021-06-10 08:00:00,499251.9687299858,397013.9245723995,612497.5285562552
2021-06-10 09:00:00,495706.7629966993,375303.8840217559,600953.1079194787
2021-06-10 10:00:00,502770.1556883447,395635.15569224075,614116.0059761626
2021-06-10 11:00:00,517257.0860068026,410577.61095368414,628883.3059717205
2021-06-10 12:00:00,530459.8487927843,425612.3704369256,636831.0416074883
2021-06-10 13:00:00,532294.8343983963,417340.33784682973,638808.2121255486
2021-06-10 14:00:00,515940.6108364976,397948.6661564713,623993.8403278214
2021-06-10 15:00:00,480499.40419303696,372310.46082772216,588955.0592374358
2021-06-10 16:00:00,430931.46981863916,320224.0649826872,534784.4012095563
2021-06-10 17:00:00,376432.269206938,265408.8060739303,481367.88014268293
2021-06-10 18:00:00,328116.541611298,225288.85146825737,438889.1176440597
2021-06-10 19:00:00,296419.64646093466,190436.23413849878,396711.07743401296
2021-06-10 20:00:00,288183.6815000512,178477.18846367087,397605.29641370574
2021-06-10 21:00:00,304145.0916500464,205517.28034255488,410793.6348816803
2021-06-10 22:00:00,338353.430089346,229566.08804779503,449187.31825241575
2021-06-10 23:00:00,380564.779000735,266582.55993815116,492198.219446784
2021-06-11 00:00:00,420734.8418598935,308494.37799300364,519694.1294707818
2021-06-11 01:00:00,452942.37397341896,339359.57221771963,572288.481186192
2021-06-11 02:00:00,476239.3726247293,363548.95598826674,588934.8369085442
2021-06-11 03:00:00,492249.1901609071,383021.7856591053,595844.4853886701
2021-06-11 04:00:00,501935.1059697285,390769.1280519628,611229.5852430415
2021-06-11 05:00:00,504500.63324354886,389317.59758432244,611948.8104569728
2021-06-11 06:00:00,499281.9918182869,390583.4945694527,614093.1889463044
2021-06-11 07:00:00,488594.2234059112,364819.5177110385,596354.1201241316
2021-06-11 08:00:00,478430.51182525425,369576.8775944449,590015.1842526209
2021-06-11 09:00:00,475693.03818245046,371055.3073597329,583748.5540660801
2021-06-11 10:00:00,483687.0340002414,381646.93931774225,597335.809098452
2021-06-11 11:00:00,499242.0766611498,390920.6266211022,608428.1311509648
2021-06-11 12:00:00,513663.9030763988,403405.1331513464,627333.9754773565
2021-06-11 13:00:00,516880.8768960061,415755.3859662397,625601.1950136402
2021-06-11 14:00:00,502138.39235199423,388137.9567475635,604432.1854596168
2021-06-11 15:00:00,468468.2778015051,356277.71927659225,571600.6043048233
2021-06-11 16:00:00,420859.00044076756,312978.1405930824,535401.7238774339
2021-06-11 17:00:00,368509.7653794816,263541.4234566413,482185.1193586086
2021-06-11 18:00:00,322536.53261935065,215093.86197879826,433982.56709456624
2021-06-11 19:00:00,293373.23296236875,177676.9187741169,407842.05910905864
2021-06-11 20:00:00,287857.7936459395,171038.53405973114,391658.6322014337
2021-06-11 21:00:00,306719.6904320086,194492.5709727397,418267.127399979
2021-06-11 22:00:00,343998.6889149153,226747.2378012878,451822.742296029
2021-06-11 23:00:00,389438.283278857,284568.16048049054,497529.01966970356
2021-06-12 00:00:00,432978.84470798436,328653.296625595,542228.8738465733
2021-06-12 01:00:00,468681.1459200181,355922.1349609449,573072.0398659292
2021-06-12 02:00:00,495576.68255071476,381826.6752247597,617579.9607537948
2021-06-12 03:00:00,515265.9535416733,412634.49485970417,620362.9739051285
2021-06-12 04:00:00,528687.2347801044,422214.4044500915,641107.4861577444
2021-06-12 05:00:00,535017.1198507253,431645.958375366,638025.6873659362
2021-06-12 06:00:00,533563.2566078273,419672.4962132131,639386.7354935353
2021-06-12 07:00:00,526610.7529406865,411501.4582075208,644700.9146040027
2021-06-12 08:00:00,520121.81104231067,410745.69150442944,625675.5965155449
2021-06-12 09:00:00,520966.9164728351,409271.01403014635,635581.3525487509
2021-06-12 10:00:00,532419.2410903656,424053.28085388883,633323.064407824
2021-06-12 11:00:00,551276.3000635739,443027.0001952797,666813.3189071618
2021-06-12 12:00:00,568812.1344939203,457686.0147506748,678281.442296242
2021-06-12 13:00:00,574988.3174602354,467503.5992118191,680753.1829776105
2021-06-12 14:00:00,562899.6488692317,455724.51818916114,674654.9023242015
2021-06-12 15:00:00,531606.1602648722,428998.68626156944,649927.1123648102
2021-06-12 16:00:00,486069.7682359046,379206.504491308,588580.5324315849
2021-06-12 17:00:00,435465.2911280282,321994.98632884736,552425.657043798
2021-06-12 18:00:00,390886.7845419727,282435.18784455024,505618.47787543136
2021-06-12 19:00:00,362749.0521417853,239854.9516821729,473701.50616657455
2021-06-12 20:00:00,357873.9387472343,247732.68392089658,470033.8250871626
2021-06-12 21:00:00,376978.11889622983,270908.40224550175,486075.9988175304
2021-06-12 22:00:00,414092.0404540278,297464.6143665981,519189.5316836044
2021-06-12 23:00:00,458953.52872384584,353220.7097118404,570980.9207656136
2021-06-13 00:00:00,501501.06089072046,394101.43073586986,612983.5745167867
2021-06-13 01:00:00,535797.3753761158,428293.0796226977,645674.1960150979
2021-06-13 02:00:00,560879.8354060628,449583.6507735246,662086.2425007911
2021-06-13 03:00:00,578358.7080451073,470326.66090772947,682368.6022235675
2021-06-13 04:00:00,589185.892549894,469222.6395188991,699156.0133867743
2021-06-13 05:00:00,592555.3720405089,482225.71109726874,705959.7253989627
2021-06-13 06:00:00,587795.8178495917,484548.84802602156,699424.7728320238
2021-06-13 07:00:00,577216.8211280935,468885.82296189154,691735.9103980929
2021-06-13 08:00:00,566808.3126847484,458438.6507688817,674023.3942252297
2021-06-13 09:00:00,563471.49955077,462938.5308094731,673877.4681506938
2021-06-13 10:00:00,570512.97999012,458412.8026748704,677007.1882411055
2021-06-13 11:00:00,584766.0802378695,471362.1626737416,695243.1844838614
2021-06-13 12:00:00,597581.490111652,480737.00418689963,706988.5007068216
2021-06-13 13:00:00,598857.3223972223,496346.32813441363,702408.9503619015
2021-06-13 14:00:00,581793.3182712863,469849.4026556685,687536.6552006829
2021-06-13 15:00:00,545491.138677524,442668.30041101,660914.274702836
2021-06-13 16:00:00,494954.7613385756,381641.201070433,601889.7591422303
2021-06-13 17:00:00,439401.0672217726,331070.846742218,553010.9676982851
2021-06-13 18:00:00,389965.74365829024,284587.9189447656,494119.32040626585
2021-06-13 19:00:00,357104.3655547842,247794.64474245472,461931.0852098748
2021-06-13 20:00:00,347678.2666400317,237605.79303928377,452034.8272979488
2021-06-13 21:00:00,362441.9186894894,253070.73484937783,477907.07023856987
2021-06-13 22:00:00,395461.48305392725,288274.40785907564,504678.0267620991
2021-06-13 23:00:00,436508.04444516706,333083.12863098754,547141.4395300793
2021-06-14 00:00:00,475550.54102568614,372436.46820276225,591808.1139780199
2021-06-14 01:00:00,506679.0594140357,405251.8843851903,609426.2949541993
2021-06-14 02:00:00,528954.917453313,420010.8935157369,638649.8668239819
2021-06-14 03:00:00,544008.6992550396,435711.64849609014,651502.9905286315
2021-06-14 04:00:00,552808.779163236,442899.32793356414,661509.0794173629
2021-06-14 05:00:00,554561.6109629704,444427.0336313093,670494.1509441613
2021-06-14 06:00:00,548604.2135478456,436586.0084133146,659006.328961351
2021-06-14 07:00:00,537250.3289494512,418048.61564412044,647903.0136664823
2021-06-14 08:00:00,526489.8145106469,417061.4122074123,642096.4024138799
2021-06-14 09:00:00,523219.59795853024,418671.1191313709,640312.3225101003
2021-06-14 10:00:00,530737.8568297327,426801.0492049103,639779.9496754096
2021-06-14 11:00:00,545865.4649742198,435860.39486142807,654623.8087766538
2021-06-14 12:00:00,559897.9785160113,455319.5275359012,680254.1646682855
2021-06-14 13:00:00,562752.296761115,446835.5777982638,669780.1556806604
2021-06-14 14:00:00,547604.6972334327,437988.67753988045,654549.8273354555
2021-06-14 15:00:00,513530.199891953,399767.4947396105,622516.8061513825
2021-06-14 16:00:00,465503.2691816068,346761.913651548,576174.046066078
2021-06-14 17:00:00,412708.73545588215,305464.14662342105,524214.2721802107
2021-06-14 18:00:00,366248.0590536741,253584.9960101328,459072.0765873146
2021-06-14 19:00:00,336540.79424011,234903.7273002911,441103.6893333082
2021-06-14 20:00:00,330410.8604100072,218243.4928792852,442247.25748081034
2021-06-14 21:00:00,348574.3339001137,236006.6763283708,463089.03659482836
2021-06-14 22:00:00,385058.41989724827,270820.93693042896,489077.4122461626
2021-06-14 23:00:00,429595.10950264253,320015.1682949367,538174.7466926959
2021-06-15 00:00:00,472114.5311791948,359014.8276249714,578658.9058518051
2021-06-15 01:00:00,506668.66026385344,390120.80744502443,610869.5485065803
2021-06-15 02:00:00,532281.80472713,428187.51074540964,641213.9651500938
2021-06-15 03:00:00,550549.0270703365,439837.2085301603,661141.9640103689
2021-06-15 04:00:00,562405.0346727951,452065.43291706586,673603.5461751451
2021-06-15 05:00:00,567024.8107807663,447434.4734805349,682145.3653803825
2021-06-15 06:00:00,563716.4136078717,455617.2136645257,674627.5329929073
2021-06-15 07:00:00,554767.416005613,442749.53575230006,656927.1396121586
2021-06-15 08:00:00,546144.544476191,438571.6852589267,655684.4614605334
2021-06-15 09:00:00,544724.8437037834,436023.494684028,655222.7860095403
2021-06-15 10:00:00,553790.0259156581,447807.12991704163,669986.0432279687
2021-06-15 11:00:00,570148.0459232711,466354.1635730426,678672.6890153084
2021-06-15 12:00:00,585085.1744205909,484198.8946821419,688781.0616543322
2021-06-15 13:00:00,588512.7017511772,475193.93213701056,697153.5459963687
2021-06-15 14:00:00,573604.9739095161,470077.22454523057,680623.6055855307
2021-06-15 15:00:00,539438.7149287848,432746.9830740456,654933.5371161402
2021-06-15 16:00:00,490993.6455253068,390113.0740579453,602647.4037942766
2021-06-15 17:00:00,437463.2809763431,331189.1589634542,555640.3795498783
2021-06-15 18:00:00,389961.0334392527,282268.5404556098,502600.0147716334
2021-06-15 19:00:00,358921.4783041604,240631.59778330787,467227.0756124524
2021-06-15 20:00:00,351186.39475945267,242046.5596181475,459345.97103471984
2021-06-15 21:00:00,367492.2971034143,256743.89667193743,473462.17432095954
2021-06-15 22:00:00,401889.11980220996,295120.76727887534,510777.50847138814
2021-06-15 23:00:00,444133.5651763836,338171.35575314314,551001.7294319934
2021-06-16 00:00:00,484182.12698961573,371059.00774818275,590142.7282015462
2021-06-16 01:00:00,516114.45788924507,401298.40473726555,622092.1367893803
2021-06-16 02:00:00,538983.5032627877,427712.3668329848,653627.3377157183
2021-06-16 03:00:00,554413.5659020183,439408.31282348983,664704.0383575785
2021-06-16 04:00:00,563368.8382530132,455216.4446649211,671411.1186211669
2021-06-16 05:00:00,565053.6789706087,458920.70906871965,678491.9789942998
2021-06-16 06:00:00,558805.0655976594,454226.8085926996,678845.8984816675
2021-06-16 07:00:00,546938.7001019527,433750.0159269598,662737.4275273767
2021-06-16 08:00:00,535448.3300933869,425879.0261956714,634910.3784256061
2021-06-16 09:00:00,531236.6157065871,413928.1683787856,646914.5261214155
2021-06-16 10:00:00,537609.2049930122,431430.99644542165,643792.892458892
2021-06-16 11:00:00,551396.0618687093,440987.36286778894,662518.3559860667
2021-06-16 12:00:00,563903.3219868637,454716.4349978072,670189.3875624649
2021-06-16 13:00:00,565059.8111948901,456425.0318575966,676203.0033080163
2021-06-16 14:00:00,548054.9302817745,435150.4331662985,663594.3007659976
2021-06-16 15:00:00,511977.86172340513,395264.0859062297,624587.2359029744
2021-06-16 16:00:00,461818.1093069407,355044.2625972134,571439.4935538281
2021-06-16 17:00:00,406776.2541845162,297749.7356586823,524402.8919368095
2021-06-16 18:00:00,357970.0526723099,247867.17362430086,462309.998174469
2021-06-16 19:00:00,325835.7348754847,216480.40485925524,433168.7675678705
2021-06-16 20:00:00,317214.11351221276,204834.8754596514,430627.36943247146
2021-06-16 21:00:00,332838.21807073656,226092.40076126606,446696.4733919398
2021-06-16 22:00:00,366752.11545952095,253391.7982475377,475863.7630781628
2021-06-16 23:00:00,408704.42384801066,297523.7340227433,513502.311224209
2021-06-17 00:00:00,448641.53031312703,334886.28322279535,557706.412507445
2021-06-17 01:00:00,480631.1772879602,374291.6788165998,592292.2033066393
2021-06-17 02:00:00,503712.8370772737,386764.7041760239,609761.8668546752
2021-06-17 03:00:00,519496.0352695347,409563.61327978905,624178.8419024324
2021-06-17 04:00:00,528929.1560597733,418315.3315913687,633076.5876638222
2021-06-17 05:00:00,531200.0022392415,426121.17066441604,650291.9660155945
2021-06-17 06:00:00,525628.5376146025,426041.99798307125,639263.3255862847
2021-06-17 07:00:00,514513.28444582986,408191.0356516312,632173.6871038548
2021-06-17 08:00:00,503830.9345941383,396419.0606901051,615727.2255766129
2021-06-17 09:00:00,500467.5002901645,395096.6784503892,612509.3674078925
2021-06-17 10:00:00,507712.6633195787,405380.8238024894,620192.4223479864
2021-06-17 11:00:00,522381.36287077644,414682.93405474635,643185.6704504167
2021-06-17 12:00:00,535765.8937716594,424977.8867385562,644845.8648218748
2021-06-17 13:00:00,537782.6463614985,426993.047836308,643868.2664904195
2021-06-17 14:00:00,521610.18864035205,411727.85904219886,624092.9278335966
2021-06-17 15:00:00,486328.64361149067,382516.7633542095,595285.7438097706
2021-06-17 16:00:00,436920.37034851714,326567.68086506583,549523.9809887502
2021-06-17 17:00:00,382580.83033690264,265257.730351564,489031.04105645505
2021-06-17 18:00:00,334424.7628219628,230342.2884717538,437535.3809832464
2021-06-17 19:00:00,302887.527223862,189235.09193139093,410743.9953293265
2021-06-17 20:00:00,294811.2212800204,185225.67253551993,404562.65621315903
2021-06-17 21:00:00,310932.2899020419,203002.22956584254,427957.983819693
2021-06-17 22:00:00,345300.28626083577,233199.69411649252,460614.8011869544
2021-06-17 23:00:00,387671.29253084835,282843.5583386086,494375.4342596798
2021-06-18 00:00:00,428001.012177243,316137.2798207427,539600.1882951444
2021-06-18 01:00:00,460368.2005058369,346999.67977924325,569019.4108486256
2021-06-18 02:00:00,483824.85478464636,367187.6320991608,592597.56664357
2021-06-18 03:00:00,499994.32735421264,391687.9668787309,608973.3873859382
2021-06-18 04:00:00,509839.89759482123,400881.26414506126,621629.160065558
2021-06-18 05:00:00,512565.0786903072,394770.8446959414,619275.3333304224
2021-06-18 06:00:00,507506.0904683603,392645.5956420094,617869.0629256739
2021-06-18 07:00:00,496977.9746122687,386879.3037822153,608071.858209137
2021-06-18 08:00:00,486973.9149537969,374577.3922007379,598183.2963900272
2021-06-18 09:00:00,484396.09258979204,369340.6281468015,590735.8119492487
2021-06-18 10:00:00,492549.7390350259,385215.81140670914,598467.6163567026
2021-06-18 11:00:00,508264.4316643245,396764.93627354107,610799.8328021411
2021-06-18 12:00:00,522845.90738039557,419774.4196778259,642859.5484599571
2021-06-18 13:00:00,526222.5298249397,413657.08261611505,641017.5865889096
2021-06-18 14:00:00,511583.1147203902,400044.6419275039,627527.3110345422
2021-06-18 15:00:00,478016.07001895487,371709.6692748953,587639.8114806886
2021-06-18 16:00:00,430509.86291303206,318320.6480086499,535424.8699824167
2021-06-18 17:00:00,378263.6985078991,267991.00128190825,491313.9111775234
2021-06-18 18:00:00,332393.53680332453,218993.33067378632,450099.96500231285
2021-06-18 19:00:00,303333.3085970158,195311.72110482355,417704.2058682935
2021-06-18 20:00:00,297920.9411227341,196166.77700497702,404126.07096751576
2021-06-18 21:00:00,316885.9101387981,204575.33696143675,434154.20759362454
2021-06-18 22:00:00,354267.98123579967,237797.38612180215,473552.5905373181
2021-06-18 23:00:00,399810.6485951961,289460.1855232632,506809.8643140241
2021-06-19 00:00:00,443454.283396342,331879.2758304421,558299.2852762036
2021-06-19 01:00:00,479259.65835443354,366678.7672227786,589614.3892621298
2021-06-19 02:00:00,506258.2691013947,409214.1927357497,613160.0189825883
2021-06-19 03:00:00,526050.614575246,417160.3271938173,641037.2404370625
2021-06-19 04:00:00,539574.9706595583,431128.9220256675,653204.0632574213
2021-06-19 05:00:00,546007.930935064,439809.12403713085,655125.5636048013
2021-06-19 06:00:00,544657.143239754,441313.93191443925,658274.4586519573
2021-06-19 07:00:00,537807.7154728809,425746.6287813956,638398.2633990766
2021-06-19 08:00:00,531421.8498236936,418748.2433412584,634528.0544794842
2021-06-19 09:00:00,532370.0318476612,411670.06955374056,636536.309666206
2021-06-19 10:00:00,543925.4334019378,435659.7485202191,653084.7901863103
2021-06-19 11:00:00,562885.5696488955,450085.03619890293,682509.8234188614
2021-06-19 12:00:00,580524.4816875,469966.8803181025,679970.1752295798
2021-06-19 13:00:00,586739.5756535628,473288.138876745,702458.1114192448
2021-06-19 14:00:00,574689.8182976977,465458.2861674774,680133.9507596047
2021-06-19 15:00:00,543435.2411597664,438899.4104828558,662608.2924215994
2021-06-19 16:00:00,497937.76082619274,389549.9152970901,611370.8807096503
2021-06-19 17:00:00,447372.1956394873,335389.8469306894,561790.9221488257
2021-06-19 18:00:00,402832.6011978581,289660.5268268687,507599.81939006003
2021-06-19 19:00:00,374733.7811617152,266209.96463180945,475118.0034938025
2021-06-19 20:00:00,369897.5803488338,265387.00267834176,473353.16798031295
2021-06-19 21:00:00,389040.6732928074,282917.3655201231,492358.5926176401
2021-06-19 22:00:00,426193.5078563309,320568.38577795983,533470.7161818391
2021-06-19 23:00:00,471093.90933969506,363107.1560759055,579392.7960462368
2021-06-20 00:00:00,513680.3549249169,401085.2036099271,615842.9009420951
2021-06-20 01:00:00,548015.5830305615,438997.4139339292,663235.5524651033
2021-06-20 02:00:00,573136.9568798341,453700.5140634619,679268.3572306491
2021-06-20 03:00:00,590654.743533449,479980.4616458676,706479.5812418502
2021-06-20 04:00:00,601520.8422462831,491739.0524730462,712445.4907105004
2021-06-20 05:00:00,604929.2361322636,498366.0742873557,717047.6604468479
2021-06-20 06:00:00,600208.5965234323,489346.89179908176,713194.5317388132
2021-06-20 07:00:00,589668.5145677957,481623.11589634075,698387.4396245847
2021-06-20 08:00:00,579298.9210717762,476983.8392212129,686969.4802927794
2021-06-20 09:00:00,576001.0230623614,457059.6605385858,694883.7802286262
2021-06-20 10:00:00,583081.4188008083,481919.74811414356,695486.8353977622
2021-06-20 11:00:00,597373.4345195065,487841.16630296595,715528.7955552066
2021-06-20 12:00:00,610188.9579311864,506919.92169095966,725529.0749914403
2021-06-20 13:00:00,611464.903187073,499888.9284750006,725529.6877511487
2021-06-20 14:00:00,594401.0114654289,486969.6871822007,706461.9727249919
2021-06-20 15:00:00,558098.9437056686,445153.3746019264,670307.0535444508
2021-06-20 16:00:00,507562.677634772,395862.21173815575,617327.9745005469
2021-06-20 17:00:00,452009.0942175757,337992.96436737245,554317.5170156887
2021-06-20 18:00:00,402573.8807869705,305088.24199596915,513221.85545038775
2021-06-20 19:00:00,369712.6122488179,258567.28120249033,488616.2590553521
2021-06-20 20:00:00,360286.6223317907,249404.0026272432,472789.6182077031
2021-06-20 21:00:00,375050.3828102297,262218.9981300413,485349.6220134916
2021-06-20 22:00:00,408070.05503794993,300633.4484580285,514384.72469279624
2021-06-20 23:00:00,449116.72372409893,339111.13446599187,559558.9698795389
2021-06-21 00:00:00,488159.32703113486,383937.0458729403,596733.0739655433
2021-06-21 01:00:00,519287.95157683006,407693.4562589078,630602.2940835939
2021-06-21 02:00:00,541563.915209641,431142.48242643086,644445.7421339885
2021-06-21 03:00:00,556617.8020352199,441653.7696791813,664910.0343428559
2021-06-21 04:00:00,565417.9863893251,464155.5277809538,674623.2361211019
2021-06-21 05:00:00,567170.9220664765,465658.38304298185,674324.108030005
2021-06-21 06:00:00,561213.6279618616,456616.14762540517,675146.2820378414
2021-06-21 07:00:00,549859.8461062582,439213.5115115837,661996.4197219039
2021-06-21 08:00:00,539099.4338417707,437877.0317418345,643818.0708396015
2021-06-21 09:00:00,535829.318896487,433819.711309041,639622.7351042753
2021-06-21 10:00:00,543347.6788067279,429248.73441931,657625.6395634327
2021-06-21 11:00:00,558475.3871559594,439538.65357820754,663526.6032982493
2021-06-21 12:00:00,572508.0003338837,467105.59004363336,684242.6644163494
2021-06-21 13:00:00,575362.4176477077,457452.9142302901,680743.2008809991
2021-06-21 14:00:00,560214.9166212444,445811.9436647793,666257.8760825157
2021-06-21 15:00:00,526140.5172124332,416821.596564436,629388.8986512553
2021-06-21 16:00:00,478113.68386683584,378106.81168847834,584763.4742008599
2021-06-21 17:00:00,425319.2469379773,314881.07444217056,535295.4194177808
2021-06-21 18:00:00,378858.66676473373,278089.8123679879,491820.576830395
2021-06-21 19:00:00,349151.49761182663,237481.81898922304,455354.8687355204
2021-06-21 20:00:00,343021.6588744123,235031.94320052053,448343.55739018886
2021-06-21 21:00:00,361185.2268898934,254826.5146764357,467952.27245358675
2021-06-21 22:00:00,397669.40684357577,294744.52512403455,511942.78942671884
2021-06-21 23:00:00,442206.18983732484,326341.51430937345,544273.165232452
2021-06-22 00:00:00,484725.70433412446,382774.63195888617,594456.3452864571
2021-06-22 01:00:00,519279.92567095836,413444.3798671345,631548.5646035308
2021-06-22 02:00:00,544893.1618171234,428064.311413075,645804.9243251077
2021-06-22 03:00:00,563160.4752808188,453797.99418064335,679550.4160614234
2021-06-22 04:00:00,575016.5734350076,467577.1020089273,690783.0476614655
2021-06-22 05:00:00,579636.4395260944,471436.9362105805,695231.4385401935
2021-06-22 06:00:00,576328.1317685603,462701.599084588,677952.963904717
2021-06-22 07:00:00,567379.2230123279,459073.3908304595,670781.3493149752
2021-06-22 08:00:00,558756.4397612852,451304.5055864418,663057.3785871933
2021-06-22 09:00:00,557336.8266995874,444152.7964683546,668287.3664230052
2021-06-22 10:00:00,566402.0960514501,448987.4552328506,679996.2585687793
2021-06-22 11:00:00,582760.2026326872,471165.8860793409,694762.3925012967
2021-06-22 12:00:00,597697.4171345367,486265.30857516156,699142.316889551
2021-06-22 13:00:00,601125.0299012049,504788.6755132094,709761.6613529295
2021-06-22 14:00:00,586217.3869272416,473586.1114991881,696058.6356292535
2021-06-22 15:00:00,552051.2122457671,445607.5611395758,666531.5707877874
2021-06-22 16:00:00,503606.22657382034,396813.0793468218,613895.7738656055
2021-06-22 17:00:00,450075.9451869821,337326.4255517104,557242.0036046263
2021-06-22 18:00:00,402573.7802442795,304838.5958503936,509955.7722000744
2021-06-22 19:00:00,371534.30713521247,253375.0359755187,481515.21344872017
2021-06-22 20:00:00,363799.3050480682,256518.92674589352,473246.34888248617
2021-06-22 21:00:00,380105.2882810483,277559.553520215,494543.2163132979
2021-06-22 22:00:00,414502.19130028447,302693.7785217194,520142.13389053533
2021-06-22 23:00:00,456746.7164266781,349799.486575581,574799.8676867731
2021-06-23 00:00:00,496795.3574236039,395382.49002894,614257.2960853245
2021-06-23 01:00:00,528727.7669374855,417071.99472126935,646555.239999494
2021-06-23 02:00:00,551596.8903557839,438287.2432691609,653329.083160207
2021-06-23 03:00:00,567027.0304712647,453833.0253023103,679033.2188458581
2021-06-23 04:00:00,575982.3797299188,469968.56149149145,692700.0588732602
2021-06-23 05:00:00,577667.2967860702,472413.83847574587,688867.1720767498
2021-06-23 06:00:00,571418.7591838054,466139.9330138966,688236.5737144825
2021-06-23 07:00:00,559552.4688902862,454228.34269507334,666396.9584720595
2021-06-23 08:00:00,548062.1735147408,438906.7749042843,657728.0578374024
2021-06-23 09:00:00,543850.5331896996,429122.1932486238,657670.1346127241
2021-06-23 10:00:00,550223.1959693256,452144.6469777148,668083.6466134322
2021-06-23 11:00:00,564010.1257688506,448380.5901606957,676473.9262293739
2021-06-23 12:00:00,576517.4582434255,470434.0969474238,693220.1914452318
2021-06-23 13:00:00,577674.0192379698,469629.6108195272,678266.8984566636
2021-06-23 14:00:00,560669.2095435725,455139.9663106982,669784.9308421946
2021-06-23 15:00:00,524592.2116370625,412031.7841237164,631596.0572500281
2021-06-23 16:00:00,474432.52929914196,365041.8396725733,588810.7135871759
2021-06-23 17:00:00,419390.74368899025,307582.8595779938,528557.7461750862
2021-06-23 18:00:00,370584.6111204371,261815.27417645365,484199.39844538213
2021-06-23 19:00:00,338450.36169857543,224744.3052056302,450612.316044166
2021-06-23 20:00:00,329828.80814108293,217805.2749178105,436185.85090794665
2021-06-23 21:00:00,345452.97993694566,225632.26308981885,452644.2011664919
2021-06-23 22:00:00,379366.94399257144,268075.7100988647,488609.6434594356
2021-06-23 23:00:00,421319.31848249305,309530.3569584988,526710.2404665917
2021-06-24 00:00:00,461256.49047834234,350305.96831823286,577030.6188288301
2021-06-24 01:00:00,493246.20241514395,380542.4372732005,603211.1974419467
2021-06-24 02:00:00,516327.9265977886,412092.95522326545,632100.7833318001
2021-06-24 03:00:00,532111.1886140017,427422.8012127748,646546.1829057069
2021-06-24 04:00:00,541544.3726594491,427901.6553922198,652519.1872332548
2021-06-24 05:00:00,543815.2815261694,434666.70113017113,656601.2987359805
2021-06-24 06:00:00,538243.8790191249,425670.9021709502,652509.2863243547
2021-06-24 07:00:00,527128.6873990428,414729.23327561736,634410.2184795811
2021-06-24 08:00:00,516446.39853333554,410482.12741813913,625481.0142146241
2021-06-24 09:00:00,513083.0246469856,398571.03498572344,637206.834447483
2021-06-24 10:00:00,520328.2475243905,408509.8993780892,629412.6154179986
2021-06-24 11:00:00,534997.0063548606,416824.05130523193,645697.2580026025
2021-06-24 12:00:00,548381.5959661105,444576.8580898772,664966.3959457488
2021-06-24 13:00:00,550398.4066972435,443353.3990520082,660812.7359888814
2021-06-24 14:00:00,534226.006548284,422629.76165036793,645299.4170215091
2021-06-24 15:00:00,498944.518522666,389926.31026973185,612457.4923546757
2021-06-24 16:00:00,449536.3016940136,326962.17240019457,558215.0027701485
2021-06-24 17:00:00,395196.81754846504,282662.45919936965,503726.8653004774
2021-06-24 18:00:00,347040.80532956833,238035.92555832313,457552.5855069571
2021-06-24 19:00:00,315503.6244590515,202726.80709433046,417295.4938163686
2021-06-24 20:00:00,307427.37267365545,193158.51760093548,426065.6627210208
2021-06-24 21:00:00,323548.4948850847,212497.91283419283,442583.70757745364
2021-06-24 22:00:00,357916.54426412855,241839.65060262673,466535.3955248709
2021-06-24 23:00:00,400287.60298555036,294815.8053981692,504231.69133626466
2021-06-25 00:00:00,440617.37451898603,328743.361228027,545419.1616780448
2021-06-25 01:00:00,472984.6141652894,362599.3118041016,576081.1260318746
2021-06-25 02:00:00,496441.319192262,392995.85818413366,606448.7963812698
2021-06-25 03:00:00,512610.841940916,399886.1574746016,625534.7918893564
2021-06-25 04:00:00,522456.46179262793,415304.8984813481,638129.7757480971
2021-06-25 05:00:00,525181.6919294572,415072.61617824103,641973.1184257545
2021-06-25 06:00:00,520122.75217951235,416710.67372250115,628219.0060904816
2021-06-25 07:00:00,509594.6842478164,401103.52214414283,633935.8798879512
2021-06-25 08:00:00,499590.6719431173,388944.39901984925,603464.6178909116
2021-06-25 09:00:00,497012.89636452403,387906.8273835421,610538.9676012715
2021-06-25 10:00:00,505166.58902609115,395326.31648984866,612197.9674680404
2021-06-25 11:00:00,520881.3273024862,416466.4246537987,638899.7480086085
2021-06-25 12:00:00,535462.8480964815,436619.2866296495,642900.2976269857
2021-06-25 13:00:00,538839.5150492032,425009.2900721341,654025.7877268959
2021-06-25 14:00:00,524200.1438843357,415727.4047040491,639715.0813687029
2021-06-25 15:00:00,490633.14255315275,385117.10906033876,604519.2468927195
2021-06-25 16:00:00,443126.97824822605,325553.1413591111,556509.6140754035
2021-06-25 17:00:00,390880.85607499845,283442.9321713271,490893.006830796
2021-06-25 18:00:00,345010.7360332287,246062.45075380144,457198.54496386717
2021-06-25 19:00:00,315950.5489205595,210604.9905417027,422419.27498634346
2021-06-25 20:00:00,310538.2219701723,199249.58452613925,412635.42584501184
2021-06-25 21:00:00,329503.2309413003,228266.76134348553,433296.08407957264
2021-06-25 22:00:00,366885.34142448276,257627.4727094029,480498.68692193035
2021-06-25 23:00:00,412428.04760023695,297953.49830122443,525539.3464035362
2021-06-26 00:00:00,456071.7206484834,341558.3367365746,562503.9065554597
2021-06-26 01:00:00,491877.13328447356,384309.60112993675,603036.8933828397
2021-06-26 02:00:00,518875.78114007,411802.89495699917,624174.5119641485
2021-06-26 03:00:00,538668.1631529271,423482.536479168,650789.9505624586
2021-06-26 04:00:00,552192.5552070694,448050.35227988963,659888.8596043284
2021-06-26 05:00:00,558625.5508841618,449800.0737697476,672814.8517827749
2021-06-26 06:00:00,557274.7980336247,444732.0913305008,665753.2878313038
2021-06-26 07:00:00,550425.4045422032,436690.09092588973,661415.0776909945
2021-06-26 08:00:00,544039.5725989605,435559.0842983945,655103.9404649256
2021-06-26 09:00:00,544987.7877601652,427420.4260404276,650053.1464169362
2021-06-26 10:00:00,556543.2218822208,443873.0452130564,664295.5267751573
2021-06-26 11:00:00,575503.3901274569,463643.817059637,689732.608584379
2021-06-26 12:00:00,593142.3335946833,482534.9322857642,700435.6512311564
2021-06-26 13:00:00,599357.4584206246,494572.0218748399,701626.2837107884
2021-06-26 14:00:00,587307.7313546413,476702.70659422356,696057.6745822509
2021-06-26 15:00:00,556053.1839374234,447485.19835192943,660701.2721414217
2021-06-26 16:00:00,510555.7327577897,397696.2497745764,612558.6319855733
2021-06-26 17:00:00,459990.1961514239,345124.05930953595,570870.0419101511
2021-06-26 18:00:00,415450.62972236815,307487.6498129027,522195.22967566014
2021-06-26 19:00:00,387351.8371296977,275062.68440140027,498358.6889115433
2021-06-26 20:00:00,382515.6631910023,268290.38568552025,494459.2579959595
2021-06-26 21:00:00,401658.7824396832,290589.56983417866,519895.6601502648
2021-06-26 22:00:00,438811.6427384127,326856.2415264754,547602.019340927
2021-06-26 23:00:00,483712.06938769773,372532.51626038854,596807.2173824304
2021-06-27 00:00:00,526298.5395695744,414138.09735088726,634236.0057365585
2021-06-27 01:00:00,560633.7917022145,455343.3891148433,673155.5849166679
2021-06-27 02:00:00,585755.1890086773,478638.6557525783,693071.349003396
2021-06-27 03:00:00,603272.998550601,488994.7799799415,710022.9189998026
2021-06-27 04:00:00,614139.1195822885,494951.5856776185,726969.138268322
2021-06-27 05:00:00,617547.5352197466,504125.85676401126,732354.0160482991
2021-06-27 06:00:00,612826.9167927238,497069.8288783056,719513.4144676924
2021-06-27 07:00:00,602286.8554500777,492047.5312962501,704421.1345598281
2021-06-27 08:00:00,591917.2819969081,481927.1748161233,702159.3680667334
2021-06-27 09:00:00,588619.4034613209,476560.5920856178,698776.6332356193
2021-06-27 10:00:00,595699.8181042329,483146.7066880605,703340.0216441073
2021-06-27 11:00:00,609991.8521580077,504170.99969933036,717413.8452743479
2021-06-27 12:00:00,622807.393335199,506014.014535299,728843.4910178189
2021-06-27 13:00:00,624083.3557870317,514139.41377706325,732239.3406585237
2021-06-27 14:00:00,607019.4806916626,493813.24217075837,709658.3525771463
2021-06-27 15:00:00,570717.4289889421,462738.3182326987,677058.946769174
2021-06-27 16:00:00,520181.17840557423,415601.65048382815,634925.8788383923
2021-06-27 17:00:00,464627.60990917723,345568.5443896336,569545.3279037331
2021-06-27 18:00:00,415192.4108248019,311939.82135528856,532507.6282689575
2021-06-27 19:00:00,382331.1560660853,270302.45990169886,502065.06776385946
2021-06-27 20:00:00,372905.17935852264,266972.42596840573,485179.1114112833
2021-06-27 21:00:00,387668.9524773698,276145.29807912855,507513.31508952583
2021-06-27 22:00:00,420688.63677621924,303853.7621351157,538598.6084443656
2021-06-27 23:00:00,461735.3169637873,359009.7400527506,570043.7231940079
2021-06-28 00:00:00,500777.9312026069,395479.4297335076,612558.6805858201
2021-06-28 01:00:00,531906.5661105608,418718.6086224584,643431.4571390991
2021-06-28 02:00:00,554182.5395363423,442873.6398698069,663588.5263719495
2021-06-28 03:00:00,569236.4355852221,464371.3369290736,674036.7472337637
2021-06-28 04:00:00,578036.6286031923,468291.36163357587,690241.7513662338
2021-06-28 05:00:00,579789.5723754332,474107.2833960615,698079.4641353053
2021-06-28 06:00:00,573832.2857958155,460198.3530962907,687070.8272523014
2021-06-28 07:00:00,562478.5108957086,445668.1731811338,672114.7356614994
2021-06-28 08:00:00,551718.1050172907,441843.40336460836,661802.6872610443
2021-06-28 09:00:00,548447.995888687,436069.6686091912,658203.3667379655
2021-06-28 10:00:00,555966.3610461919,443659.47210540634,674163.7190018883
2021-06-28 11:00:00,571094.0740729109,463194.87219444563,685969.8067680683
2021-06-28 12:00:00,585126.6913593546,471662.5949779357,691671.6535977251
2021-06-28 13:00:00,587981.1122117754,480994.4989309634,707356.405083897
2021-06-28 14:00:00,572833.6141543197,466166.95359887305,684956.0381852811
2021-06-28 15:00:00,538759.2171449994,424582.65242850746,646326.7486944416
2021-06-28 16:00:00,490732.38562946086,380815.4858333092,605656.6476428885
2021-06-28 17:00:00,437937.94996174105,323973.61174995627,550208.9422250784
2021-06-28 18:00:00,391477.37047945755,290201.65700806625,509615.4980183918
2021-06-28 19:00:00,361770.20144829585,263389.18627011694,473892.0854324987
2021-06-28 20:00:00,355640.36226315284,245669.35383931067,460936.6355176339
2021-06-28 21:00:00,373803.9292613761,260967.41147948496,481139.5091005487
2021-06-28 22:00:00,410288.10762819333,304834.7910777168,521027.69708103314
2021-06-28 23:00:00,454824.8884655284,349410.3358279481,560845.0801695862
2021-06-29 00:00:00,497344.40023689123,379537.61976307596,598448.8434801934
2021-06-29 01:00:00,531898.6182783536,417777.0076679937,644916.4819163567
2021-06-29 02:00:00,557511.850559375,447412.5261197124,674635.1453567251
2021-06-29 03:00:00,575779.1595851764,462567.870224338,679664.1687279259
2021-06-29 04:00:00,587635.2527319377,483256.5795523152,696447.8556514517
2021-06-29 05:00:00,592255.1132460166,487024.28883779724,702489.3669388995
2021-06-29 06:00:00,588946.7993419059,489486.9279028014,697529.2481580732
2021-06-29 07:00:00,579997.8838698129,465754.5930434613,686415.4800960345
2021-06-29 08:00:00,571375.0933335072,466418.15599451854,686554.4637259179
2021-06-29 09:00:00,569955.4724158505,461376.60409117956,681973.472747528
2021-06-29 10:00:00,579020.7333440108,470057.0424034449,693314.9400783898
2021-06-29 11:00:00,595378.8309314519,485140.55935132003,703734.5212639425
2021-06-29 12:00:00,610316.03586996,496507.70447469986,718393.4146520343
2021-06-29 13:00:00,613743.6385043904,500591.38364511076,726207.337134504
2021-06-29 14:00:00,598835.9848270428,499843.9647455461,706673.5363538993
2021-06-29 15:00:00,564669.7988740103,451879.642767934,669369.335694925
2021-06-29 16:00:00,516224.8013603549,406009.2059688457,628211.4092938496
2021-06-29 17:00:00,462694.5075626976,349792.64206112205,576323.8204278285
2021-06-29 18:00:00,415192.3296398556,299433.59042199876,529794.1801697029
2021-06-29 19:00:00,384152.8429812404,274342.41743040155,491132.1264368384
2021-06-29 20:00:00,376417.8267745647,268685.6104734688,494265.6434703366
2021-06-29 21:00:00,392723.79531898495,282965.49149295554,508236.59692316235
2021-06-29 22:00:00,427120.68308039475,314164.43686120154,538113.898896948
2021-06-29 23:00:00,469365.19237921096,356319.1824599808,580074.6641312914
2021-06-30 00:00:00,509413.81697899086,396639.24771035946,618019.4408567105
2021-06-30 01:00:00,541346.2095263418,428375.2249430454,650960.902679038
2021-06-30 02:00:00,564215.3154105674,455573.39246593084,667775.9047678688
2021-06-30 03:00:00,579645.4374224854,463028.7972351493,684220.1958958596
2021-06-30 04:00:00,588600.7680076145,484605.3404000064,709783.7779173357
2021-06-30 05:00:00,590285.6658217218,483910.58650625095,702989.5792370347
2021-06-30 06:00:00,584037.1084073806,469244.38064673485,692894.5702070701
2021-06-30 07:00:00,572170.7977323394,464333.2552970146,681864.5843835392
2021-06-30 08:00:00,560680.4814057654,452521.3134908347,666165.1951559049
2021-06-30 09:00:00,556468.8195605072,451985.7880224635,671550.3996995633
2021-06-30 10:00:00,562841.4602505706,450248.95215675887,672511.649422972
2021-06-30 11:00:00,576628.367390898,467188.37479894183,691011.3680847874
2021-06-30 12:00:00,589135.6766367027,486427.88067618315,701349.5077973508
2021-06-30 13:00:00,590292.2138337726,478023.06909104047,697974.9515577536
2021-06-30 14:00:00,573287.3797735692,461636.47208750714,683435.4451617905
2021-06-30 15:00:00,537210.3569284581,433248.6789759236,652984.7814463391
2021-06-30 16:00:00,487050.64908429194,379624.3816953947,605527.358300124
2021-06-30 17:00:00,432008.83739929413,322755.34315381484,531684.5563166367
2021-06-30 18:00:00,383202.67818772263,272559.6787160462,497236.6397945393
2021-06-30 19:00:00,351068.4015490001,244273.29176762915,461836.17965521757
2021-06-30 20:00:00,342446.8202082742,237024.04733761188,447118.52575799695
2021-06-30 21:00:00,358070.9636511535,248864.31635651013,469934.23774123826
2021-06-30 22:00:00,391984.89878431824,283049.4284400819,501464.02045868605
2021-06-30 23:00:00,433937.24378240155,329522.7443580219,555110.3197944355
2021-07-01 00:00:00,473874.38571750536,358520.4118086876,585501.5983645116
2021-07-01 01:00:00,505864.0670237591,388509.9573082397,618017.8713519536
2021-07-01 02:00:00,528945.7600061651,415991.57052580296,633232.2461149321
2021-07-01 03:00:00,544728.9902532898,446286.2522348007,656698.5821382364
2021-07-01 04:00:00,554162.1419602743,452732.6716837512,660255.1780044163
2021-07-01 05:00:00,556433.017919116,448472.1010148386,665514.5724260088
2021-07-01 06:00:00,550861.581934793,442907.2517141795,665279.9045619678
2021-07-01 07:00:00,539746.3562681035,439037.2407894353,642500.8366573955
2021-07-01 08:00:00,529064.0327869465,416752.08267544815,639031.9371859819
2021-07-01 09:00:00,525700.6237150616,416866.2065453968,637420.4607056918
2021-07-01 10:00:00,532945.8108381898,419125.8282528491,640065.0209587583
2021-07-01 11:00:00,547614.5333450936,441007.4229681108,662572.5622931302
2021-07-01 12:00:00,560999.086063415,456171.6722004976,677055.1468774604
2021-07-01 13:00:00,563015.859332225,445572.76129311684,677717.1886996429
2021-07-01 14:00:00,546843.4211515491,428762.1732521707,647735.2990715266
2021-07-01 15:00:00,511561.894525395,403861.41271194804,629213.6851694896
2021-07-01 16:00:00,462153.6385268612,354280.7652491244,565359.1244629703
2021-07-01 17:00:00,407814.11464135326,297831.1955378646,509435.17021811847
2021-07-01 18:00:00,359658.062114028,257485.76271442903,471993.0474879445
2021-07-01 19:00:00,328120.8403659067,222200.08249108962,440090.75511304656
2021-07-01 20:00:00,320044.5471336538,206298.70084283914,427148.98227222817
2021-07-01 21:00:00,336165.62732840807,218648.71123241773,445311.62718467996
2021-07-01 22:00:00,370533.6341223105,260651.7016967537,481381.3459135062
2021-07-01 23:00:00,412904.64968656754,310542.85704175744,533351.4544061142
2021-07-02 00:00:00,453234.37749394303,344280.8821793254,570031.1703641136
2021-07-02 01:00:00,485601.572842492,380648.73490616115,591130.1983912634
2021-07-02 02:00:00,509058.23300260486,394551.5097861358,619434.8982841992
2021-07-02 03:00:00,525227.7103152609,413479.2443701093,631301.0989604369
2021-07-02 04:00:00,535073.2841612744,424586.41581816523,649060.7404385146
2021-07-02 05:00:00,537798.4677236243,437934.49586942384,649645.2482254438
2021-07-02 06:00:00,532739.4808304578,430322.1851161039,640738.2613434428
2021-07-02 07:00:00,522211.36518592987,409587.74556285364,630482.3260674704
2021-07-02 08:00:00,512207.30459933076,403353.2139882439,622468.2787596786
2021-07-02 09:00:00,509629.4801698166,388597.6032261908,616761.3360945539
2021-07-02 10:00:00,517783.1234105702,414610.9368646104,623590.5694714134
2021-07-02 11:00:00,533497.8116986494,420421.70386355737,647757.1134781946
2021-07-02 12:00:00,548079.2819341122,438130.7242750676,663420.6287376047
2021-07-02 13:00:00,551455.8977598713,442789.5705327976,659045.5314460864
2021-07-02 14:00:00,536816.4748983904,436711.2186043322,648600.4194779522
2021-07-02 15:00:00,503249.42130150436,397844.52081082686,607062.6172209481
2021-07-02 16:00:00,455743.2041618795,343652.2176545243,565588.1020960702
2021-07-02 17:00:00,403497.0285855987,288384.4168221499,515379.97490629536
2021-07-02 18:00:00,357626.85457093397,249414.57614368087,458981.5020769537
2021-07-02 19:00:00,328566.6129162898,225107.59385440702,439685.6153306715
2021-07-02 20:00:00,323154.2308555222,215647.15351712937,436389.51336837624
2021-07-02 21:00:00,342119.184146987,229423.5981148181,456122.20979266096
2021-07-02 22:00:00,379501.23838139465,263154.1789577307,487066.20594884874
2021-07-02 23:00:00,425043.88773906825,316053.3773774638,539541.4427225398
2021-07-03 00:00:00,468687.50340050034,366038.506353483,581309.047871491
2021-07-03 01:00:00,504492.8580812879,395541.74706279766,609948.1385966148
2021-07-03 02:00:00,531491.4474120095,419950.24538761994,634433.2103718922
2021-07-03 03:00:00,551283.7703313464,448724.4238848902,663304.0240865553
2021-07-03 04:00:00,564808.1027229911,456296.23262676015,670803.8094166081
2021-07-03 05:00:00,571241.0381685712,465072.8620985304,678662.9172056835
2021-07-03 06:00:00,569890.2245175287,459779.77521942975,672786.9488331717
2021-07-03 07:00:00,563040.7696566839,453409.05469394714,671848.0540317489
2021-07-03 08:00:00,556654.8757756798,447702.53153989575,671858.1080333903
2021-07-03 09:00:00,557603.0284298131,446633.4491441382,666818.8683553578
2021-07-03 10:00:00,569158.399475647,455248.7070767442,679426.5059053235
2021-07-03 11:00:00,588118.5040759731,482233.3009515482,690440.8898443299
2021-07-03 12:00:00,605757.3833298052,495272.4000856803,724311.4934700512
2021-07-03 13:00:00,611972.4433731751,505905.521847388,717116.8688336192
2021-07-03 14:00:00,599922.650955438,493359.70057525556,714010.4061941368
2021-07-03 15:00:00,568668.0376205227,454638.86053870094,681055.0980602013
2021-07-03 16:00:00,523170.51994993555,405937.0974152506,634273.7160028323
2021-07-03 17:00:00,472604.9162852823,367350.23222708073,577040.7121076798
2021-07-03 18:00:00,428065.2822298312,327749.93317179516,530242.8722099741
2021-07-03 19:00:00,399966.421443348,281730.08719371085,503186.2544631679
2021-07-03 20:00:00,395130.1787394862,283035.0280675144,500637.528254709
2021-07-03 21:00:00,414273.228654879,307346.9937344109,528704.7901058509
2021-07-03 22:00:00,451426.0190523995,335031.278326206,561214.1164764923
2021-07-03 23:00:00,496326.3752316196,377124.9025912944,600541.7390153875
2021-07-04 00:00:00,538912.7743744524,419558.6934604889,646336.4692109198
2021-07-04 01:00:00,573247.954899425,464129.85556641925,685128.3914829447
2021-07-04 02:00:00,598369.280029621,487938.97241686116,712286.4599918274
2021-07-04 03:00:00,615887.0168266455,500559.8801324258,723946.2360929487
2021-07-04 04:00:00,626753.0645447426,513712.2666726602,732301.8510201677
2021-07-04 05:00:00,630161.4062993714,522986.389348974,739677.0344167752
2021-07-04 06:00:00,625440.7134218453,514727.45839804586,738040.5942095704
2021-07-04 07:00:00,614900.5770595586,501534.4783714059,720769.458662599
2021-07-04 08:00:00,604530.9280182684,490303.4093570701,708046.2456772488
2021-07-04 09:00:00,601232.9733260421,487005.04267188394,706082.0411826863
2021-07-04 10:00:00,608313.3112438199,501054.21733070636,716235.2428100148
2021-07-04 11:00:00,622605.2680036483,518120.44186556956,730130.7285681027
2021-07-04 12:00:00,635420.7313182311,529001.7026295577,752644.2306518089
2021-07-04 13:00:00,636696.6153391327,528299.7386148322,739376.186357343
2021-07-04 14:00:00,619632.661244579,512290.02880352276,733595.8414648129
2021-07-04 15:00:00,583330.5299737602,471783.0384128489,695059.2601788759
2021-07-04 16:00:00,532794.1992538738,426876.0656209785,649012.4510527352
2021-07-04 17:00:00,477240.55005260644,366040.8352126798,588485.3139679813
2021-07-04 18:00:00,427805.2696952844,314909.6581196085,538718.0025612103
2021-07-04 19:00:00,394943.9330945316,275430.4025590162,507004.2792496474
2021-07-04 20:00:00,385517.8739773403,275925.3651272649,496655.16898579424
2021-07-04 21:00:00,400281.5641174136,283219.9028762122,510533.0280211109
2021-07-04 22:00:00,433301.1648692098,335548.17840030434,549841.8370722496
2021-07-04 23:00:00,474347.7609413365,366113.608757179,589975.0388651207
2021-07-05 00:00:00,513390.29049377795,402078.7879008877,624593.9243115175
2021-07-05 01:00:00,544518.8401520804,436248.56946500996,650950.5484795733
2021-07-05 02:00:00,566794.7277576791,453638.4531189828,677318.0954129384
2021-07-05 03:00:00,581848.5374176214,469863.4717758325,691877.3831056241
2021-07-05 04:00:00,590648.6434785415,473744.0364545948,689081.2672194891
2021-07-05 05:00:00,592401.499725331,481961.35167023813,698222.4696791942
2021-07-05 06:00:00,586444.1250519436,468553.16233165015,698894.4718064549
2021-07-05 07:00:00,575090.2614897963,468681.52267316513,686287.9436706385
2021-07-05 08:00:00,564329.7663817116,463547.6039160441,671515.3693117591
2021-07-05 09:00:00,561059.5674547252,449354.9133414102,671993.4655775051
2021-07-05 10:00:00,568577.8422454073,450918.60789146816,684760.3954164445
2021-07-05 11:00:00,583705.4643372871,469537.6073294349,690731.1139446475
2021-07-05 12:00:00,597737.9901208049,488877.599304845,708577.5282296796
2021-07-05 13:00:00,600592.3189020217,488850.88246356,712583.6972300262
2021-07-05 14:00:00,585444.7282050761,482301.03978756786,692400.672137328
2021-07-05 15:00:00,551370.2379883642,439366.47241526033,668895.7920243781
2021-07-05 16:00:00,503343.3126974706,383849.9981468486,614185.972093904
2021-07-05 17:00:00,450548.7826856673,342724.2042136188,562014.2618936829
2021-07-05 18:00:00,404088.10829179944,296495.5829881354,505476.49509283836
2021-07-05 19:00:00,374380.84378105414,269685.4644067365,487830.2947615548
2021-07-05 20:00:00,368250.90854833124,255718.80445972303,481244.1704503656
2021-07-05 21:00:00,386414.3789307955,281731.9518108623,499809.9349309877
2021-07-05 22:00:00,422898.4601134722,306308.06641683023,532301.0543693563
2021-07-05 23:00:00,467435.1431993137,362854.7159072098,576407.2624833139
2021-07-06 00:00:00,509954.55665058456,400149.8775815981,627624.1804705007
2021-07-06 01:00:00,544508.67580425,433666.8905329294,649440.7725972541
2021-07-06 02:00:00,570121.8086296152,459406.0087730539,679472.668786026
2021-07-06 03:00:00,588389.0176318729,476894.59724273626,700525.4599590331
2021-07-06 04:00:00,600245.010187149,490715.6916140661,706507.5889915216
2021-07-06 05:00:00,604864.7695415302,487106.748028704,712767.1748976649
2021-07-06 06:00:00,601556.3539099839,487553.3548448594,719324.7350628035
2021-07-06 07:00:00,592607.3361428737,486855.62896176934,701965.4546175088
2021-07-06 08:00:00,583984.4427435533,480413.2250812719,695072.464173138
2021-07-06 09:00:00,582564.718395174,467820.61799936753,689018.055381832
2021-07-06 10:00:00,591629.8753248968,481357.0536821476,703624.8916883371
2021-07-06 11:00:00,607987.8683458705,499185.49887035415,719775.1394811406
2021-07-06 12:00:00,622924.9681500457,515580.5913588214,738910.7296587386
2021-07-06 13:00:00,626352.4650826161,513607.02686782996,728563.5736721931
2021-07-06 14:00:00,611444.7051360746,506189.34101195075,721297.0115275232
2021-07-06 15:00:00,577278.4123456184,476015.16830770014,691672.5397980659
2021-07-06 16:00:00,528833.3074293997,424980.1681287245,638800.7756732686
2021-07-06 17:00:00,475302.9056566963,366648.4559250978,589904.951249595
2021-07-06 18:00:00,427800.61919376045,311871.93618618796,542322.2895074816
2021-07-06 19:00:00,396761.02342734276,287421.89234907064,510757.4797535827
2021-07-06 20:00:00,389025.8975456039,271472.2484756062,499579.7324775647
2021-07-06 21:00:00,405331.7558470839,295167.1903927816,516978.5103136906
2021-07-06 22:00:00,439728.5327978832,327263.5305533855,538815.4409220102
2021-07-06 23:00:00,481972.93071847956,365876.1738373242,598535.7538115317
